,均线,买入金额,卖出金额,持仓金额,赚取,开始日期,结束日期
0,428,41900.0,0.0,46240.29,1.1,20120528,20130528
1,428,41500.0,0.0,45552.69,1.1,20120529,20130529
2,428,40900.0,0.0,44631.67,1.09,20120530,20130530
3,428,41700.0,0.0,45047.91,1.08,20120531,20130531
4,428,42400.0,0.0,45927.54,1.08,20120601,20130603
5,428,42900.0,0.0,46004.5,1.07,20120604,20130604
6,428,41900.0,0.0,44443.03,1.06,20120605,20130605
7,428,42000.0,0.0,44001.76,1.05,20120606,20130606
8,428,41400.0,0.0,42672.39,1.03,20120607,20130607
9,428,41800.0,0.0,41793.17,1.0,20120608,20130613
10,428,41800.0,0.0,42090.11,1.01,20120611,20130614
11,428,41700.0,0.0,41739.54,1.0,20120612,20130617
12,428,41100.0,0.0,41511.18,1.01,20120613,20130618
13,428,41000.0,0.0,41220.26,1.01,20120614,20130619
14,428,41300.0,0.0,40426.52,0.98,20120615,20130620
15,428,41000.0,0.0,40137.05,0.98,20120618,20130621
16,428,42000.0,0.0,39087.32,0.93,20120619,20130624
17,428,41900.0,0.0,39105.42,0.93,20120620,20130625
18,428,41900.0,0.0,38904.52,0.93,20120621,20130626
19,428,41800.0,0.0,38972.55,0.93,20120625,20130627
20,428,42000.0,0.0,39858.97,0.95,20120626,20130628
21,428,40800.0,0.0,38537.09,0.94,20120627,20130701
22,428,40300.0,0.0,38177.1,0.95,20120628,20130702
23,428,40100.0,0.0,37878.25,0.94,20120629,20130703
24,428,39500.0,0.0,37431.19,0.95,20120702,20130704
25,428,40100.0,0.0,38161.7,0.95,20120703,20130705
26,428,41100.0,0.0,38180.38,0.93,20120704,20130708
27,428,41300.0,0.0,38374.4,0.93,20120705,20130709
28,428,39900.0,0.0,37691.63,0.94,20120706,20130710
29,428,39500.0,0.0,38926.72,0.99,20120709,20130711
30,428,39200.0,0.0,37794.38,0.96,20120710,20130712
31,428,39400.0,0.0,38513.67,0.98,20120711,20130715
32,428,39600.0,0.0,38960.95,0.98,20120712,20130716
33,428,39600.0,0.0,38413.51,0.97,20120713,20130717
34,428,39400.0,0.0,37810.7,0.96,20120716,20130718
35,428,39400.0,0.0,36893.28,0.94,20120717,20130719
36,428,39600.0,0.0,37486.6,0.95,20120718,20130722
37,428,39200.0,0.0,38376.62,0.98,20120719,20130723
38,428,40200.0,0.0,39558.77,0.98,20120720,20130724
39,428,40200.0,0.0,39557.56,0.98,20120723,20130725
40,428,40100.0,0.0,38963.4,0.97,20120724,20130726
41,428,39900.0,0.0,38161.63,0.96,20120725,20130729
42,428,40100.0,0.0,38532.52,0.96,20120726,20130730
43,428,38800.0,0.0,37022.21,0.95,20120727,20130731
44,428,37900.0,0.0,37006.42,0.98,20120730,20130801
45,428,37900.0,0.0,36962.27,0.98,20120731,20130802
46,428,37200.0,0.0,36618.8,0.98,20120801,20130805
47,428,37800.0,0.0,37465.57,0.99,20120802,20130806
48,428,38800.0,0.0,38331.66,0.99,20120803,20130807
49,428,38900.0,0.0,38506.43,0.99,20120806,20130808
50,428,37700.0,0.0,37105.42,0.98,20120807,20130809
51,428,36600.0,0.0,36705.73,1.0,20120808,20130812
52,428,36200.0,0.0,36415.6,1.01,20120809,20130813
53,428,36500.0,0.0,36647.7,1.0,20120810,20130814
54,428,36800.0,0.0,36602.71,0.99,20120813,20130815
55,428,37000.0,0.0,36588.47,0.99,20120814,20130816
56,428,36500.0,0.0,36504.08,1.0,20120815,20130819
57,428,36800.0,0.0,36694.83,1.0,20120816,20130820
58,428,37000.0,0.0,37075.53,1.0,20120817,20130821
59,428,36900.0,0.0,36973.06,1.0,20120820,20130822
60,428,37700.0,0.0,38020.89,1.01,20120821,20130823
61,428,37400.0,0.0,38568.44,1.03,20120822,20130826
62,428,37200.0,0.0,38235.16,1.03,20120823,20130827
63,428,37200.0,0.0,38189.32,1.03,20120824,20130828
64,428,37400.0,0.0,38218.15,1.02,20120827,20130829
65,428,36200.0,0.0,36575.7,1.01,20120828,20130830
66,428,35300.0,0.0,35566.28,1.01,20120829,20130902
67,428,35200.0,0.0,35980.5,1.02,20120830,20130903
68,428,34400.0,0.0,35000.37,1.02,20120831,20130904
69,428,35000.0,0.0,35450.87,1.01,20120903,20130905
70,428,36000.0,0.0,36837.67,1.02,20120904,20130906
71,428,35900.0,0.0,38172.02,1.06,20120905,20130909
72,428,34600.0,0.0,36867.85,1.07,20120906,20130910
73,428,33500.0,0.0,35431.08,1.06,20120907,20130911
74,428,33100.0,0.0,35513.27,1.07,20120910,20130912
75,428,33500.0,0.0,35667.74,1.06,20120911,20130913
76,428,33600.0,0.0,35602.47,1.06,20120912,20130916
77,428,34100.0,0.0,35479.03,1.04,20120913,20130917
78,428,33400.0,0.0,34853.01,1.04,20120914,20130918
79,428,33500.0,0.0,35595.86,1.06,20120917,20130923
80,428,33800.0,0.0,35751.72,1.06,20120918,20130924
81,428,33600.0,0.0,35436.6,1.05,20120919,20130925
82,428,34800.0,0.0,36638.87,1.05,20120920,20130926
83,428,34500.0,0.0,36426.34,1.06,20120921,20130927
84,428,34200.0,0.0,36231.79,1.06,20120924,20130930
85,428,33900.0,0.0,36495.2,1.08,20120925,20131008
86,428,33600.0,0.0,36034.71,1.07,20120926,20131009
87,428,32600.0,0.0,34284.7,1.05,20120927,20131010
88,428,31400.0,0.0,33355.15,1.06,20120928,20131011
89,428,31100.0,0.0,32996.85,1.06,20121008,20131014
90,428,30300.0,0.0,31934.52,1.05,20121009,20131015
91,428,31100.0,0.0,32253.59,1.04,20121010,20131016
92,428,32100.0,0.0,33235.74,1.04,20121011,20131017
93,428,32000.0,0.0,33360.67,1.04,20121012,20131018
94,428,30500.0,0.0,32106.65,1.05,20121015,20131021
95,428,30000.0,0.0,31080.08,1.04,20121016,20131022
96,428,29800.0,0.0,30718.77,1.03,20121017,20131023
97,428,30300.0,0.0,30946.55,1.02,20121018,20131024
98,428,30700.0,0.0,30918.96,1.01,20121019,20131025
99,428,31100.0,0.0,31364.34,1.01,20121022,20131028
100,428,30600.0,0.0,30990.2,1.01,20121023,20131029
101,428,30400.0,0.0,31206.29,1.03,20121024,20131030
102,428,30900.0,0.0,31528.68,1.02,20121025,20131031
103,428,30700.0,0.0,31579.42,1.03,20121026,20131101
104,428,31600.0,0.0,32831.4,1.04,20121029,20131104
105,428,31300.0,0.0,32483.65,1.04,20121030,20131105
106,428,31200.0,0.0,31977.46,1.02,20121031,20131106
107,428,30800.0,0.0,31499.29,1.02,20121101,20131107
108,428,30600.0,0.0,30617.17,1.0,20121102,20131108
109,428,29900.0,0.0,29757.09,1.0,20121105,20131111
110,428,29000.0,0.0,29060.76,1.0,20121106,20131112
111,428,28800.0,0.0,28237.93,0.98,20121107,20131113
112,428,28200.0,0.0,27668.8,0.98,20121108,20131114
113,428,28800.0,0.0,28846.47,1.0,20121109,20131115
114,428,29300.0,0.0,30347.62,1.04,20121112,20131118
115,428,29300.0,0.0,30285.04,1.03,20121113,20131119
116,428,27700.0,0.0,28368.89,1.02,20121114,20131120
117,428,27200.0,0.0,27579.76,1.01,20121115,20131121
118,428,27000.0,0.0,27424.47,1.02,20121116,20131122
119,428,27800.0,0.0,28122.45,1.01,20121119,20131125
120,428,28300.0,0.0,28682.94,1.01,20121120,20131126
121,428,28600.0,0.0,29323.99,1.03,20121121,20131127
122,428,27900.0,0.0,28936.13,1.04,20121122,20131128
123,428,27700.0,0.0,28728.05,1.04,20121123,20131129
124,428,28000.0,0.0,28872.2,1.03,20121126,20131202
125,428,27600.0,0.0,28712.15,1.04,20121127,20131203
126,428,28100.0,0.0,30007.94,1.07,20121128,20131204
127,428,27800.0,0.0,29658.87,1.07,20121129,20131205
128,428,27600.0,0.0,29246.11,1.06,20121130,20131206
129,428,27500.0,0.0,29306.42,1.07,20121203,20131209
130,428,27500.0,0.0,29086.04,1.06,20121204,20131210
131,428,26900.0,0.0,27797.63,1.03,20121205,20131211
132,428,26000.0,0.0,26696.4,1.03,20121206,20131212
133,428,25800.0,0.0,26393.23,1.02,20121207,20131213
134,428,25200.0,0.0,25216.51,1.0,20121210,20131216
135,428,25900.0,0.0,25765.68,0.99,20121211,20131217
136,428,26500.0,0.0,26438.03,1.0,20121212,20131218
137,428,26400.0,0.0,26085.34,0.99,20121213,20131219
138,428,25200.0,0.0,24052.78,0.95,20121214,20131220
139,428,24400.0,0.0,23067.34,0.95,20121217,20131223
140,428,24200.0,0.0,23046.61,0.95,20121218,20131224
141,428,24800.0,0.0,23766.52,0.96,20121219,20131225
142,428,25400.0,0.0,24092.77,0.95,20121220,20131226
143,428,25800.0,0.0,24859.33,0.96,20121221,20131227
144,428,25100.0,0.0,24191.64,0.96,20121224,20131230
145,428,24800.0,0.0,24154.05,0.97,20121225,20131231
146,428,25100.0,0.0,24439.07,0.97,20121226,20140102
147,428,24700.0,0.0,23729.52,0.96,20121227,20140103
148,428,25400.0,0.0,24194.02,0.95,20121228,20140106
149,428,24900.0,0.0,23661.56,0.95,20121231,20140107
150,428,24900.0,0.0,23684.72,0.95,20130104,20140108
151,428,24800.0,0.0,23558.64,0.95,20130107,20140109
152,428,25000.0,0.0,23472.47,0.94,20130108,20140110
153,428,24800.0,0.0,23136.79,0.93,20130109,20140113
154,428,23800.0,0.0,22212.66,0.93,20130110,20140114
155,428,24000.0,0.0,22430.96,0.93,20130111,20140115
156,428,23600.0,0.0,21977.17,0.93,20130114,20140116
157,428,24300.0,0.0,22342.74,0.92,20130115,20140117
158,428,25100.0,0.0,23047.56,0.92,20130116,20140120
159,428,24600.0,0.0,22257.38,0.9,20130117,20140121
160,428,23900.0,0.0,22033.12,0.92,20130118,20140122
161,428,23200.0,0.0,21093.72,0.91,20130121,20140123
162,428,23000.0,0.0,21092.17,0.92,20130122,20140124
163,428,23700.0,0.0,21527.95,0.91,20130123,20140127
164,428,24400.0,0.0,22273.91,0.91,20130124,20140128
165,428,24600.0,0.0,22551.82,0.92,20130125,20140129
166,428,24100.0,0.0,21826.5,0.91,20130128,20140130
167,428,24000.0,0.0,21901.42,0.91,20130129,20140207
168,428,24000.0,0.0,22534.86,0.94,20130130,20140210
169,428,23500.0,0.0,22100.35,0.94,20130131,20140211
170,428,24400.0,0.0,23390.25,0.96,20130201,20140212
171,428,24200.0,0.0,23102.36,0.95,20130204,20140213
172,428,24100.0,0.0,23126.54,0.96,20130205,20140214
173,428,24100.0,0.0,23381.64,0.97,20130206,20140217
174,428,24400.0,0.0,23306.73,0.96,20130207,20140218
175,428,24000.0,0.0,23215.87,0.97,20130208,20140219
176,428,23000.0,0.0,21938.42,0.95,20130218,20140220
177,428,23100.0,0.0,21811.74,0.94,20130219,20140221
178,428,23400.0,0.0,21605.49,0.92,20130220,20140224
179,428,24400.0,0.0,22042.36,0.9,20130221,20140225
180,428,25100.0,0.0,22768.93,0.91,20130222,20140226
181,428,24300.0,0.0,21971.8,0.9,20130225,20140227
182,428,23800.0,0.0,21562.15,0.91,20130226,20140228
183,428,23200.0,0.0,20905.08,0.9,20130227,20140303
184,428,22900.0,0.0,20663.75,0.9,20130228,20140304
185,428,23700.0,0.0,21291.95,0.9,20130301,20140305
186,428,24300.0,0.0,22007.29,0.91,20130304,20140306
187,428,24300.0,0.0,21952.35,0.9,20130305,20140307
188,428,24700.0,0.0,21775.27,0.88,20130306,20140310
189,428,24600.0,0.0,21786.32,0.89,20130307,20140311
190,428,24900.0,0.0,22066.48,0.89,20130308,20140312
191,428,24200.0,0.0,21671.5,0.9,20130311,20140313
192,428,25500.0,0.0,23017.26,0.9,20130312,20140314
193,428,25200.0,0.0,22864.57,0.91,20130313,20140317
194,428,25200.0,0.0,22874.63,0.91,20130314,20140318
195,428,25300.0,0.0,22911.57,0.91,20130315,20140319
196,428,25600.0,0.0,22775.15,0.89,20130318,20140320
197,428,24900.0,0.0,22843.63,0.92,20130319,20140321
198,428,23700.0,0.0,21729.61,0.92,20130320,20140324
199,428,23600.0,0.0,21645.37,0.92,20130321,20140325
200,428,23900.0,0.0,21930.42,0.92,20130322,20140326
201,428,24600.0,0.0,22518.66,0.92,20130325,20140327
202,428,25300.0,0.0,23216.54,0.92,20130326,20140328
203,428,24700.0,0.0,22570.44,0.91,20130327,20140331
204,428,23900.0,0.0,21768.37,0.91,20130328,20140401
205,428,23400.0,0.0,21290.0,0.91,20130329,20140402
206,428,23600.0,0.0,21433.52,0.91,20130401,20140403
207,428,24200.0,0.0,22303.52,0.92,20130402,20140404
208,428,23900.0,0.0,22517.68,0.94,20130403,20140408
209,428,24300.0,0.0,22884.54,0.94,20130408,20140409
210,428,24600.0,0.0,23675.32,0.96,20130409,20140410
211,428,24400.0,0.0,23474.9,0.96,20130410,20140411
212,428,24600.0,0.0,23655.4,0.96,20130411,20140414
213,428,24100.0,0.0,22679.31,0.94,20130412,20140415
214,428,25200.0,0.0,24089.17,0.96,20130415,20140416
215,428,24800.0,0.0,23603.56,0.95,20130416,20140417
216,428,25000.0,0.0,23787.39,0.95,20130417,20140418
217,428,25400.0,0.0,23855.02,0.94,20130418,20140421
218,428,25300.0,0.0,23905.97,0.94,20130419,20140422
219,428,24700.0,0.0,23164.09,0.94,20130422,20140423
220,428,23900.0,0.0,22358.13,0.94,20130423,20140424
221,428,24100.0,0.0,22335.36,0.93,20130424,20140425
222,428,24800.0,0.0,22735.17,0.92,20130425,20140428
223,428,25400.0,0.0,23555.38,0.93,20130426,20140429
224,428,25900.0,0.0,24083.11,0.93,20130502,20140430
225,428,25300.0,0.0,23545.35,0.93,20130503,20140505
226,428,24000.0,0.0,22113.8,0.92,20130506,20140506
227,428,23500.0,0.0,21354.37,0.91,20130507,20140507
228,428,23700.0,0.0,21602.83,0.91,20130508,20140508
229,428,24300.0,0.0,22193.54,0.91,20130509,20140509
230,428,23900.0,0.0,22168.14,0.93,20130510,20140512
231,428,24100.0,0.0,22311.48,0.93,20130513,20140513
232,428,24500.0,0.0,22813.35,0.93,20130514,20140514
233,428,24400.0,0.0,22504.09,0.92,20130515,20140515
234,428,24500.0,0.0,22580.17,0.92,20130516,20140516
235,428,24100.0,0.0,21867.78,0.91,20130517,20140519
236,428,25100.0,0.0,23080.25,0.92,20130520,20140520
237,428,24700.0,0.0,22852.46,0.93,20130521,20140521
238,428,24800.0,0.0,22929.84,0.92,20130522,20140522
239,428,25200.0,0.0,23646.26,0.94,20130523,20140523
240,428,25400.0,0.0,23914.93,0.94,20130524,20140526
241,428,24900.0,0.0,23273.75,0.93,20130527,20140527
242,428,23500.0,0.0,22040.98,0.94,20130528,20140528
243,428,23900.0,0.0,22381.84,0.94,20130529,20140529
244,428,24500.0,0.0,22973.18,0.94,20130530,20140530
245,428,24800.0,0.0,23239.4,0.94,20130531,20140603
246,428,25100.0,0.0,23425.83,0.93,20130603,20140604
247,428,24600.0,0.0,23244.56,0.94,20130604,20140605
248,428,23500.0,0.0,21872.14,0.93,20130605,20140606
249,428,23000.0,0.0,21243.33,0.92,20130606,20140609
250,428,23200.0,0.0,21796.45,0.94,20130607,20140610
251,428,23800.0,0.0,22358.49,0.94,20130613,20140611
252,428,23500.0,0.0,21961.92,0.93,20130614,20140612
253,428,23600.0,0.0,22283.46,0.94,20130617,20140613
254,428,23700.0,0.0,22617.89,0.95,20130618,20140616
255,428,23600.0,0.0,22399.45,0.95,20130619,20140617
256,428,23900.0,0.0,22604.69,0.95,20130620,20140618
257,428,24000.0,0.0,22373.45,0.93,20130621,20140619
258,428,24900.0,0.0,23594.69,0.95,20130624,20140620
259,428,24600.0,0.0,23196.93,0.94,20130625,20140623
260,428,24500.0,0.0,23341.11,0.95,20130626,20140624
261,428,24900.0,0.0,23728.67,0.95,20130627,20140625
262,428,25000.0,0.0,23932.25,0.96,20130628,20140626
263,428,24600.0,0.0,23484.93,0.95,20130701,20140627
264,428,23400.0,0.0,22327.47,0.95,20130702,20140630
265,428,23800.0,0.0,22810.77,0.96,20130703,20140701
266,428,24200.0,0.0,23344.23,0.96,20130704,20140702
267,428,24300.0,0.0,23572.66,0.97,20130705,20140703
268,428,24700.0,0.0,24080.55,0.97,20130708,20140704
269,428,24000.0,0.0,23386.56,0.97,20130709,20140707
270,428,22900.0,0.0,22198.91,0.97,20130710,20140708
271,428,22400.0,0.0,21326.86,0.95,20130711,20140709
272,428,22500.0,0.0,21453.71,0.95,20130712,20140710
273,428,22700.0,0.0,21684.94,0.96,20130715,20140711
274,428,22100.0,0.0,21296.26,0.96,20130716,20140714
275,428,22200.0,0.0,21332.6,0.96,20130717,20140715
276,428,22400.0,0.0,21620.69,0.97,20130718,20140716
277,428,22300.0,0.0,21500.63,0.96,20130719,20140717
278,428,22100.0,0.0,21366.43,0.97,20130722,20140718
279,428,22300.0,0.0,21539.58,0.97,20130723,20140721
280,428,22300.0,0.0,21869.75,0.98,20130724,20140722
281,428,22000.0,0.0,21528.49,0.98,20130725,20140723
282,428,21700.0,0.0,21707.59,1.0,20130726,20140724
283,428,22100.0,0.0,22449.79,1.02,20130729,20140725
284,428,22000.0,0.0,23017.34,1.05,20130730,20140728
285,428,21900.0,0.0,22868.34,1.04,20130731,20140729
286,428,20700.0,0.0,21380.49,1.03,20130801,20140730
287,428,21000.0,0.0,22078.81,1.05,20130802,20140731
288,428,21500.0,0.0,22400.61,1.04,20130805,20140801
289,428,21500.0,0.0,22952.33,1.07,20130806,20140804
290,428,21600.0,0.0,23029.39,1.07,20130807,20140805
291,428,20900.0,0.0,22145.02,1.06,20130808,20140806
292,428,20400.0,0.0,21303.98,1.04,20130809,20140807
293,428,20400.0,0.0,21309.27,1.04,20130812,20140808
294,428,20000.0,0.0,21192.18,1.06,20130813,20140811
295,428,20300.0,0.0,21433.95,1.06,20130814,20140812
296,428,19800.0,0.0,20863.81,1.05,20130815,20140813
297,428,19800.0,0.0,20542.97,1.04,20130816,20140814
298,428,19800.0,0.0,20877.9,1.05,20130819,20140815
299,428,19400.0,0.0,18643.64,0.96,20130820,20140818
300,428,19400.0,0.0,18709.84,0.96,20130821,20140819
301,428,20100.0,0.0,21221.35,1.06,20130822,20140820
302,428,20000.0,0.0,21105.38,1.06,20130823,20140821
303,428,19600.0,0.0,20687.32,1.06,20130826,20140822
304,428,19300.0,0.0,20180.89,1.05,20130827,20140825
305,428,19600.0,0.0,20395.16,1.04,20130828,20140826
306,428,19700.0,0.0,20574.79,1.04,20130829,20140827
307,428,19700.0,0.0,20382.16,1.03,20130830,20140828
308,428,19000.0,0.0,19745.34,1.04,20130902,20140829
309,428,19200.0,0.0,20137.36,1.05,20130903,20140901
310,428,19600.0,0.0,20975.6,1.07,20130904,20140902
311,428,19500.0,0.0,21156.31,1.08,20130905,20140903
312,428,19500.0,0.0,21382.33,1.1,20130906,20140904
313,428,18600.0,0.0,20608.54,1.11,20130909,20140905
314,428,18200.0,0.0,20045.2,1.1,20130910,20140909
315,428,18500.0,0.0,20293.17,1.1,20130911,20140910
316,428,18300.0,0.0,19958.06,1.09,20130912,20140911
317,428,18500.0,0.0,20356.31,1.1,20130913,20140912
318,428,17800.0,0.0,18839.38,1.06,20130916,20140915
319,428,17900.0,0.0,19093.57,1.07,20130917,20140916
320,428,18000.0,0.0,19353.22,1.08,20130918,20140917
321,428,17300.0,0.0,18669.25,1.08,20130923,20140918
322,428,17200.0,0.0,16656.2,0.97,20130924,20140919
323,428,18100.0,0.0,19290.1,1.07,20130925,20140922
324,428,17900.0,0.0,19335.33,1.08,20130926,20140923
325,428,17500.0,100.0,19118.43,1.1,20130927,20140924
326,428,17300.0,100.0,18783.36,1.09,20130930,20140925
327,428,17500.0,100.0,19033.7,1.09,20131008,20140926
328,428,17500.0,200.0,19104.77,1.1,20131009,20140929
329,428,17400.0,200.0,18893.05,1.1,20131010,20140930
330,428,16700.0,300.0,18119.28,1.1,20131011,20141008
331,428,17000.0,300.0,18584.53,1.11,20131014,20141009
332,428,17600.0,200.0,19354.57,1.11,20131015,20141010
333,428,17500.0,200.0,19218.59,1.11,20131016,20141013
334,428,17600.0,100.0,19391.45,1.11,20131017,20141014
335,428,17200.0,200.0,19006.86,1.12,20131018,20141015
336,428,16900.0,100.0,18641.13,1.11,20131021,20141016
337,428,17200.0,100.0,18940.75,1.11,20131022,20141017
338,428,17200.0,100.0,19008.9,1.11,20131023,20141020
339,428,17200.0,0.0,19088.47,1.11,20131024,20141021
340,428,16500.0,0.0,17606.59,1.07,20131025,20141022
341,428,16500.0,0.0,17732.97,1.07,20131028,20141023
342,428,16700.0,0.0,18016.64,1.08,20131029,20141024
343,428,16300.0,0.0,17407.2,1.07,20131030,20141027
344,428,15900.0,0.0,17306.59,1.09,20131031,20141028
345,428,16700.0,100.0,18336.73,1.1,20131101,20141029
346,428,16200.0,0.0,17633.24,1.09,20131104,20141030
347,428,15800.0,100.0,17389.99,1.11,20131105,20141031
348,428,15700.0,200.0,17560.57,1.13,20131106,20141103
349,428,16000.0,200.0,17920.94,1.13,20131107,20141104
350,428,16100.0,200.0,17712.59,1.11,20131108,20141105
351,428,15900.0,200.0,17388.22,1.11,20131111,20141106
352,428,15400.0,300.0,16821.86,1.11,20131112,20141107
353,428,15800.0,600.0,17721.92,1.16,20131113,20141110
354,428,16300.0,600.0,18288.59,1.16,20131114,20141111
355,428,16000.0,700.0,18196.28,1.18,20131115,20141112
356,428,16100.0,500.0,18436.58,1.18,20131118,20141113
357,428,15700.0,500.0,18031.96,1.18,20131119,20141114
358,428,15700.0,300.0,18086.21,1.17,20131120,20141117
359,428,15900.0,300.0,18170.55,1.16,20131121,20141118
360,428,15700.0,400.0,17774.62,1.16,20131122,20141119
361,428,15600.0,300.0,17822.94,1.16,20131125,20141120
362,428,14700.0,500.0,16783.22,1.18,20131126,20141121
363,428,14600.0,800.0,16747.75,1.2,20131127,20141124
364,428,14800.0,1000.0,17066.83,1.22,20131128,20141125
365,428,14400.0,1200.0,16592.72,1.24,20131129,20141126
366,428,13700.0,1400.0,15682.48,1.25,20131202,20141127
367,428,14600.0,1800.0,16844.39,1.28,20131203,20141128
368,428,14100.0,1700.0,16414.22,1.28,20131204,20141201
369,428,13700.0,2300.0,15938.72,1.33,20131205,20141202
370,428,13600.0,2500.0,15737.11,1.34,20131206,20141203
371,428,13900.0,3200.0,16587.65,1.42,20131209,20141204
372,428,13800.0,3500.0,16096.08,1.42,20131210,20141205
373,428,13600.0,4000.0,16101.45,1.48,20131211,20141208
374,428,13200.0,3100.0,15225.62,1.39,20131212,20141209
375,428,13400.0,3800.0,15488.24,1.44,20131213,20141210
376,428,14000.0,3700.0,16376.41,1.43,20131216,20141211
377,428,13900.0,3800.0,16329.48,1.45,20131217,20141212
378,428,14400.0,3700.0,17497.29,1.47,20131218,20141215
379,428,14000.0,4100.0,17029.05,1.51,20131219,20141216
380,428,14100.0,4200.0,17397.97,1.53,20131220,20141217
381,428,14300.0,4200.0,17727.25,1.53,20131223,20141218
382,428,14100.0,4600.0,17280.83,1.55,20131224,20141219
383,428,13900.0,4700.0,16806.33,1.55,20131225,20141222
384,428,13000.0,4400.0,15122.3,1.5,20131226,20141223
385,428,13000.0,4200.0,14631.23,1.45,20131227,20141224
386,428,13300.0,5100.0,14923.65,1.51,20131230,20141225
387,428,12900.0,5700.0,14426.99,1.56,20131231,20141226
388,428,12300.0,6000.0,13030.63,1.55,20140102,20141229
389,428,13200.0,6400.0,14012.83,1.55,20140103,20141230
390,428,12900.0,6900.0,13663.16,1.59,20140106,20141231
391,428,12500.0,8000.0,12365.2,1.63,20140107,20150105
392,428,12300.0,8100.0,11728.39,1.61,20140108,20150106
393,428,12600.0,8900.0,11502.2,1.62,20140109,20150107
394,428,12500.0,8700.0,11180.93,1.59,20140110,20150108
395,428,12100.0,9200.0,9919.44,1.58,20140113,20150109
396,428,11700.0,8000.0,10183.64,1.55,20140114,20150112
397,428,11900.0,8700.0,9839.82,1.56,20140115,20150113
398,428,12300.0,8600.0,10640.43,1.56,20140116,20150114
399,428,12200.0,9400.0,10254.23,1.61,20140117,20150115
400,428,12600.0,9400.0,11246.61,1.64,20140120,20150116
401,428,12100.0,8200.0,10123.27,1.51,20140121,20150119
402,428,11900.0,8600.0,9777.96,1.54,20140122,20150120
403,428,12200.0,9500.0,10045.0,1.6,20140123,20150121
404,428,12000.0,10000.0,9244.29,1.6,20140124,20150122
405,428,12000.0,10200.0,9164.86,1.61,20140127,20150123
406,428,10900.0,10000.0,7408.64,1.6,20140128,20150126
407,428,11000.0,9600.0,7595.73,1.56,20140129,20150127
408,428,11300.0,10200.0,7441.35,1.56,20140130,20150128
409,428,11000.0,10500.0,6720.81,1.57,20140207,20150129
410,428,10400.0,10400.0,5664.82,1.54,20140210,20150130
411,428,11100.0,10300.0,6566.74,1.52,20140211,20150202
412,428,10600.0,11300.0,5241.93,1.56,20140212,20150203
413,428,10300.0,12200.0,3890.68,1.56,20140213,20150204
414,428,10100.0,12100.0,3487.39,1.54,20140214,20150205
415,428,10200.0,12500.0,3265.21,1.55,20140217,20150206
416,428,10100.0,12600.0,2954.32,1.54,20140218,20150209
417,428,9700.0,13400.0,1638.07,1.55,20140219,20150210
418,428,9400.0,12300.0,2036.61,1.53,20140220,20150211
419,428,9500.0,13100.0,1495.86,1.54,20140221,20150212
420,428,9900.0,13100.0,2241.1,1.55,20140224,20150213
421,428,9700.0,14000.0,1327.08,1.58,20140225,20150216
422,428,10000.0,14100.0,1967.39,1.61,20140226,20150217
423,428,9700.0,12700.0,2327.21,1.55,20140227,20150225
424,428,9800.0,13600.0,1969.79,1.59,20140228,20150226
425,428,10000.0,14500.0,1596.35,1.61,20140303,20150227
426,428,9900.0,15200.0,799.28,1.62,20140304,20150302
427,428,9700.0,14900.0,655.92,1.6,20140305,20150303
428,428,8700.0,10000.0,3838.98,1.59,20140306,20150304
429,428,8900.0,9600.0,4233.09,1.55,20140307,20150305
430,428,9000.0,10200.0,3766.18,1.55,20140310,20150306
431,428,8900.0,10500.0,3421.76,1.56,20140311,20150309
432,428,8600.0,10400.0,2950.93,1.55,20140312,20150310
433,428,9400.0,10300.0,4073.4,1.53,20140313,20150311
434,428,8900.0,11300.0,2694.16,1.57,20140314,20150312
435,428,8600.0,12200.0,1365.3,1.58,20140317,20150313
436,428,8500.0,12100.0,1146.88,1.56,20140318,20150316
437,428,8700.0,12500.0,1118.82,1.57,20140319,20150317
438,428,8400.0,12600.0,464.47,1.56,20140320,20150318
439,428,8200.0,9200.0,3793.64,1.58,20140321,20150319
440,428,7900.0,8000.0,4239.16,1.55,20140324,20150320
441,428,7900.0,8700.0,3566.76,1.55,20140325,20150323
442,428,8100.0,8600.0,4005.73,1.56,20140326,20150324
443,428,7700.0,9400.0,2796.74,1.58,20140327,20150325
444,428,8000.0,9400.0,3542.09,1.62,20140328,20150326
445,428,7800.0,8200.0,3583.88,1.51,20140331,20150327
446,428,7900.0,8600.0,3650.33,1.55,20140401,20150330
447,428,8200.0,9500.0,3633.78,1.6,20140402,20150331
448,428,8100.0,10000.0,2992.2,1.6,20140403,20150401
449,428,7800.0,10200.0,2326.16,1.61,20140404,20150402
450,428,6800.0,10000.0,686.35,1.57,20140408,20150403
451,428,7100.0,9600.0,1266.71,1.53,20140409,20150407
452,428,6800.0,10200.0,84.44,1.51,20140410,20150408
453,428,6800.0,5700.0,4804.75,1.54,20140411,20150409
454,428,6400.0,6000.0,3837.2,1.54,20140414,20150410
455,428,7400.0,10300.0,942.32,1.52,20140415,20150413
456,428,6800.0,6900.0,3863.48,1.58,20140416,20150414
457,428,6600.0,8000.0,2608.84,1.61,20140417,20150415
458,428,6500.0,8100.0,2201.66,1.58,20140418,20150416
459,428,6700.0,8900.0,1789.65,1.6,20140421,20150417
460,428,6200.0,8700.0,906.92,1.55,20140422,20150420
461,428,6400.0,9200.0,828.93,1.57,20140423,20150421
462,428,6200.0,8000.0,1460.69,1.53,20140424,20150422
463,428,6200.0,8700.0,789.94,1.53,20140425,20150423
464,428,6400.0,8600.0,1235.18,1.54,20140428,20150424
465,428,5900.0,8400.0,546.49,1.52,20140429,20150427
466,428,6100.0,9400.0,305.9,1.59,20140430,20150428
467,428,5800.0,8200.0,504.94,1.5,20140505,20150429
468,428,6000.0,8600.0,665.75,1.54,20140506,20150430
469,428,6300.0,9500.0,536.87,1.59,20140507,20150504
470,428,6100.0,4600.0,4947.01,1.57,20140508,20150505
471,428,5900.0,4700.0,4525.75,1.56,20140509,20150506
472,428,5300.0,4400.0,3599.53,1.51,20140512,20150507
473,428,5600.0,4200.0,3900.12,1.45,20140513,20150508
474,428,5500.0,5100.0,3052.61,1.48,20140514,20150511
475,428,5500.0,5700.0,2796.76,1.54,20140515,20150512
476,428,5100.0,6000.0,1838.08,1.54,20140516,20150513
477,428,5900.0,6400.0,2691.07,1.54,20140519,20150514
478,428,5300.0,6900.0,1451.88,1.58,20140520,20150515
479,428,5100.0,8000.0,115.82,1.59,20140521,20150518
480,428,4900.0,6500.0,706.7,1.47,20140522,20150519
481,428,4900.0,6800.0,410.93,1.47,20140523,20150520
482,428,4500.0,3500.0,2935.42,1.43,20140526,20150521
483,428,4700.0,4000.0,3038.14,1.5,20140527,20150522
484,428,4500.0,3100.0,3184.17,1.4,20140528,20150525
485,428,4300.0,3800.0,2364.19,1.43,20140529,20150526
486,428,4100.0,3700.0,2113.13,1.42,20140530,20150527
487,428,3700.0,3800.0,1458.0,1.42,20140603,20150528
488,428,3800.0,3700.0,1854.68,1.46,20140604,20150529
489,428,3500.0,4100.0,1090.45,1.48,20140605,20150601
490,428,3700.0,4200.0,1445.3,1.53,20140606,20150602
491,428,3900.0,4200.0,1776.79,1.53,20140609,20150603
492,428,3700.0,4600.0,1075.9,1.53,20140610,20150604
493,428,3500.0,4700.0,679.89,1.54,20140611,20150605
494,428,3100.0,4400.0,213.9,1.49,20140612,20150608
495,428,3500.0,4200.0,749.64,1.41,20140613,20150609
496,428,3400.0,1000.0,3151.94,1.22,20140616,20150610
497,428,3300.0,1200.0,2921.83,1.25,20140617,20150611
498,428,2900.0,1400.0,2288.41,1.27,20140618,20150612
499,428,3600.0,1800.0,2865.98,1.3,20140619,20150615
500,428,3000.0,1700.0,2198.58,1.3,20140620,20150616
501,428,2900.0,2300.0,1612.35,1.35,20140623,20150617
502,428,2700.0,2500.0,1112.97,1.34,20140624,20150618
503,428,2800.0,3200.0,761.74,1.41,20140625,20150619
504,428,2400.0,200.0,2485.22,1.12,20140626,20150623
505,428,2500.0,200.0,2589.01,1.12,20140627,20150624
506,428,2500.0,3100.0,298.04,1.36,20140630,20150625
507,428,2300.0,600.0,2057.75,1.16,20140701,20150626
508,428,2100.0,600.0,1806.81,1.15,20140702,20150629
509,428,1700.0,700.0,1276.19,1.16,20140703,20150630
510,428,1700.0,500.0,1481.37,1.17,20140704,20150701
511,428,1500.0,500.0,1255.46,1.17,20140707,20150702
512,428,1700.0,300.0,1672.23,1.16,20140708,20150703
513,428,1900.0,300.0,1909.66,1.16,20140709,20150706
514,428,1800.0,400.0,1691.89,1.16,20140710,20150707
515,428,1600.0,300.0,1570.06,1.17,20140711,20150708
516,428,1200.0,500.0,919.3,1.18,20140714,20150709
517,428,1700.0,800.0,1220.61,1.19,20140715,20150710
518,428,1700.0,1000.0,1037.4,1.2,20140716,20150713
519,428,1600.0,1200.0,766.37,1.23,20140717,20150714
520,428,1200.0,1400.0,103.37,1.25,20140718,20150715
521,428,1700.0,1800.0,329.68,1.25,20140721,20150716
522,428,1300.0,0.0,1401.49,1.08,20140722,20150717
523,428,1200.0,100.0,1223.46,1.1,20140723,20150720
524,428,1100.0,200.0,1011.92,1.1,20140724,20150721
525,428,1100.0,200.0,999.97,1.09,20140725,20150722
526,428,800.0,200.0,640.89,1.05,20140728,20150723
527,428,900.0,200.0,748.09,1.05,20140729,20150724
528,428,1000.0,300.0,758.93,1.06,20140730,20150727
529,428,800.0,600.0,261.19,1.08,20140731,20150728
530,428,700.0,600.0,148.55,1.07,20140801,20150729
531,428,400.0,200.0,207.91,1.02,20140804,20150730
532,428,300.0,100.0,203.59,1.01,20140805,20150731
533,428,200.0,200.0,4.25,1.02,20140806,20150803
534,428,400.0,300.0,129.85,1.07,20140807,20150804
535,428,400.0,300.0,126.38,1.07,20140808,20150805
536,428,300.0,100.0,205.72,1.02,20140811,20150806
537,428,200.0,0.0,203.67,1.02,20140812,20150807
538,428,100.0,0.0,100.0,1.0,20140813,20150810
539,428,600.0,0.0,605.22,1.01,20140814,20150811
540,428,600.0,0.0,600.47,1.0,20140815,20150812
541,428,400.0,0.0,398.29,1.0,20140818,20150813
542,428,100.0,0.0,100.0,1.0,20140819,20150814
543,428,500.0,100.0,416.18,1.03,20140820,20150817
544,428,300.0,0.0,304.09,1.01,20140821,20150818
545,428,200.0,100.0,106.98,1.03,20140822,20150819
546,428,300.0,200.0,117.54,1.06,20140825,20150820
547,428,400.0,200.0,226.81,1.07,20140826,20150821
548,428,500.0,200.0,325.31,1.05,20140827,20150824
549,428,800.0,200.0,718.89,1.15,20140828,20150825
550,428,1000.0,300.0,835.51,1.14,20140829,20150826
551,428,600.0,600.0,43.43,1.07,20140901,20150827
552,428,400.0,200.0,212.68,1.03,20140902,20150828
553,428,300.0,200.0,104.89,1.02,20140903,20150831
554,428,200.0,100.0,100.65,1.0,20140904,20150901
555,428,100.0,0.0,100.0,1.0,20140905,20150902
556,428,100.0,0.0,100.0,1.0,20140909,20150907
557,428,100.0,100.0,0.08,1.0,20140910,20150908
558,428,200.0,100.0,102.19,1.01,20140911,20150909
559,428,100.0,0.0,100.0,1.0,20140912,20150910
560,428,400.0,300.0,237.11,1.34,20140916,20150914
561,428,800.0,0.0,951.11,1.19,20140917,20150915
562,428,400.0,500.0,52.81,1.38,20140918,20150916
563,428,100.0,100.0,33.44,1.33,20140919,20150917
564,428,200.0,100.0,105.7,1.03,20140922,20150918
565,428,100.0,0.0,100.0,1.0,20140923,20150921
566,428,200.0,200.0,18.71,1.09,20140930,20150928
567,428,600.0,0.0,612.91,1.02,20141008,20150929
568,428,200.0,0.0,200.0,1.0,20141009,20150930
569,428,200.0,0.0,200.0,1.0,20141023,20151021
570,428,600.0,0.0,691.25,1.15,20141024,20151022
571,428,300.0,0.0,300.0,1.0,20141027,20151023
572,428,100.0,100.0,33.44,1.33,20141028,20151026
573,428,200.0,200.0,18.71,1.09,20141106,20151104
574,428,600.0,0.0,612.91,1.02,20141107,20151105
575,428,200.0,0.0,200.0,1.0,20141110,20151106
576,428,300.0,0.0,300.0,1.0,20141125,20151123
577,428,200.0,200.0,18.71,1.09,20141208,20151204
578,428,600.0,0.0,612.91,1.02,20141209,20151207
579,428,200.0,0.0,200.0,1.0,20141210,20151208
580,428,300.0,0.0,300.0,1.0,20141225,20151223
581,428,100.0,0.0,100.0,1.0,20150108,20160105
582,428,200.0,200.0,18.71,1.09,20150109,20160106
583,428,1500.0,0.0,1567.52,1.05,20150112,20160107
584,428,700.0,0.0,711.61,1.02,20150113,20160108
585,428,1500.0,0.0,1500.0,1.0,20150114,20160111
586,428,1500.0,0.0,1500.0,1.0,20150115,20160112
587,428,1900.0,0.0,1900.0,1.0,20150116,20160113
588,428,1600.0,0.0,1600.0,1.0,20150119,20160114
589,428,2200.0,0.0,2200.0,1.0,20150120,20160115
590,428,2100.0,0.0,2100.0,1.0,20150121,20160118
591,428,1600.0,0.0,1600.0,1.0,20150122,20160119
592,428,1800.0,0.0,1800.0,1.0,20150123,20160120
593,428,2300.0,0.0,2300.0,1.0,20150126,20160121
594,428,2100.0,0.0,2100.0,1.0,20150127,20160122
595,428,2300.0,0.0,2294.99,1.0,20150128,20160125
596,428,3000.0,0.0,3000.0,1.0,20150129,20160126
597,428,3100.0,0.0,3100.0,1.0,20150130,20160127
598,428,3500.0,0.0,3500.0,1.0,20150202,20160128
599,428,3100.0,0.0,3100.0,1.0,20150203,20160129
600,428,3500.0,0.0,3500.0,1.0,20150204,20160201
601,428,3100.0,0.0,3100.0,1.0,20150205,20160202
602,428,3200.0,0.0,3200.0,1.0,20150206,20160203
603,428,3100.0,0.0,3084.63,1.0,20150209,20160204
604,428,3300.0,200.0,3116.92,1.01,20150210,20160205
605,428,4700.0,0.0,4522.31,0.96,20150211,20160215
606,428,3400.0,0.0,3331.01,0.98,20150212,20160216
607,428,4100.0,0.0,4016.49,0.98,20150213,20160217
608,428,4100.0,0.0,4004.64,0.98,20150216,20160218
609,428,4500.0,0.0,4399.41,0.98,20150217,20160219
610,428,3900.0,0.0,3821.1,0.98,20150225,20160222
611,428,4600.0,0.0,4538.21,0.99,20150226,20160223
612,428,4400.0,0.0,4354.97,0.99,20150227,20160224
613,428,4800.0,0.0,4624.89,0.96,20150302,20160225
614,428,4900.0,0.0,4765.95,0.97,20150303,20160226
615,428,5900.0,0.0,5740.09,0.97,20150304,20160229
616,428,5400.0,0.0,5271.62,0.98,20150305,20160301
617,428,5000.0,0.0,4942.76,0.99,20150306,20160302
618,428,5700.0,0.0,5799.86,1.02,20150309,20160303
619,428,5600.0,0.0,5777.78,1.03,20150310,20160304
620,428,5900.0,0.0,6212.04,1.05,20150311,20160307
621,428,5500.0,0.0,5671.4,1.03,20150312,20160308
622,428,6100.0,0.0,6278.74,1.03,20150313,20160309
623,428,6000.0,0.0,6047.13,1.01,20150316,20160310
624,428,6100.0,0.0,6157.57,1.01,20150317,20160311
625,428,5700.0,0.0,5766.27,1.01,20150318,20160314
626,428,5900.0,200.0,5826.8,1.02,20150319,20160315
627,428,7300.0,0.0,7330.04,1.0,20150320,20160316
628,428,5800.0,0.0,5843.44,1.01,20150323,20160317
629,428,6300.0,0.0,6367.78,1.01,20150324,20160318
630,428,6000.0,0.0,6152.88,1.03,20150325,20160321
631,428,6500.0,0.0,6652.58,1.02,20150326,20160322
632,428,5900.0,0.0,5966.36,1.01,20150327,20160323
633,428,6900.0,0.0,6973.77,1.01,20150330,20160324
634,428,6600.0,0.0,6670.05,1.01,20150331,20160325
635,428,7100.0,0.0,7322.9,1.03,20150401,20160328
636,428,7400.0,0.0,7584.44,1.02,20150402,20160329
637,428,8000.0,0.0,8543.57,1.07,20150403,20160330
638,428,7700.0,0.0,8097.34,1.05,20150407,20160331
639,428,7300.0,0.0,7518.35,1.03,20150408,20160401
640,428,7800.0,0.0,8296.44,1.06,20150409,20160405
641,428,7700.0,0.0,8187.41,1.06,20150410,20160406
642,428,8200.0,0.0,8714.24,1.06,20150413,20160407
643,428,8000.0,0.0,8327.31,1.04,20150414,20160408
644,428,8400.0,0.0,8920.92,1.06,20150415,20160411
645,428,8300.0,0.0,8755.64,1.05,20150416,20160412
646,428,8200.0,0.0,8770.87,1.07,20150417,20160413
647,428,7700.0,0.0,8137.01,1.06,20150420,20160414
648,428,8000.0,200.0,8327.47,1.07,20150421,20160415
649,428,9600.0,0.0,9973.41,1.04,20150422,20160418
650,428,8100.0,0.0,8326.75,1.03,20150423,20160419
651,428,8900.0,0.0,8963.76,1.01,20150424,20160420
652,428,8700.0,0.0,8687.56,1.0,20150427,20160421
653,428,9200.0,0.0,9247.08,1.01,20150428,20160422
654,428,8600.0,0.0,8542.3,0.99,20150429,20160425
655,428,9600.0,0.0,9675.97,1.01,20150430,20160426
656,428,9400.0,0.0,9413.51,1.0,20150504,20160427
657,428,10000.0,0.0,10225.23,1.02,20150505,20160428
658,428,10600.0,0.0,10840.19,1.02,20150506,20160429
659,428,11100.0,0.0,11638.26,1.05,20150507,20160503
660,428,10800.0,0.0,11177.15,1.03,20150508,20160504
661,428,10400.0,0.0,10576.31,1.02,20150511,20160505
662,428,11300.0,0.0,11485.0,1.02,20150512,20160506
663,428,11600.0,0.0,11633.11,1.0,20150513,20160509
664,428,12000.0,0.0,12125.3,1.01,20150514,20160510
665,428,11800.0,0.0,11854.71,1.0,20150515,20160511
666,428,12200.0,0.0,12365.42,1.01,20150518,20160512
667,428,12200.0,0.0,12287.18,1.01,20150519,20160513
668,428,11800.0,0.0,11928.14,1.01,20150520,20160516
669,428,11300.0,0.0,11285.37,1.0,20150521,20160517
670,428,11800.0,200.0,11607.0,1.0,20150522,20160518
671,428,13400.0,0.0,13265.13,0.99,20150525,20160519
672,428,11800.0,0.0,11644.27,0.99,20150526,20160520
673,428,12500.0,0.0,12317.44,0.99,20150527,20160523
674,428,12400.0,0.0,12136.66,0.98,20150528,20160524
675,428,12900.0,0.0,12634.46,0.98,20150529,20160525
676,428,12300.0,0.0,11979.66,0.97,20150601,20160526
677,428,13300.0,0.0,13031.38,0.98,20150602,20160527
678,428,13100.0,0.0,12827.35,0.98,20150603,20160530
679,428,13200.0,0.0,13467.34,1.02,20150604,20160531
680,428,13800.0,0.0,14053.95,1.02,20150605,20160601
681,428,14200.0,0.0,14542.66,1.02,20150608,20160602
682,428,13900.0,0.0,14259.69,1.03,20150609,20160603
683,428,13500.0,0.0,13597.01,1.01,20150610,20160606
684,428,14400.0,0.0,14764.91,1.03,20150611,20160607
685,428,14700.0,0.0,15146.95,1.03,20150612,20160608
686,428,15600.0,0.0,15756.99,1.01,20150615,20160613
687,428,15300.0,0.0,15389.43,1.01,20150616,20160614
688,428,15500.0,0.0,15821.79,1.02,20150617,20160615
689,428,15600.0,0.0,15811.13,1.01,20150618,20160616
690,428,15100.0,0.0,15351.87,1.02,20150619,20160617
691,428,14600.0,0.0,14724.61,1.01,20150623,20160620
692,428,15100.0,200.0,15100.45,1.01,20150624,20160621
693,428,16600.0,0.0,16795.24,1.01,20150625,20160622
694,428,15000.0,0.0,15018.52,1.0,20150626,20160623
695,428,16000.0,0.0,15849.44,0.99,20150629,20160624
696,428,15700.0,0.0,15698.43,1.0,20150630,20160627
697,428,16100.0,0.0,16181.52,1.01,20150701,20160628
698,428,15400.0,0.0,15463.58,1.0,20150702,20160629
699,428,16400.0,0.0,16561.5,1.01,20150703,20160630
700,428,16300.0,0.0,16429.51,1.01,20150706,20160701
701,428,16100.0,0.0,16545.83,1.03,20150707,20160704
702,428,16600.0,0.0,17134.49,1.03,20150708,20160705
703,428,17000.0,0.0,17692.53,1.04,20150709,20160706
704,428,16600.0,0.0,17151.55,1.03,20150710,20160707
705,428,16300.0,0.0,16611.0,1.02,20150713,20160708
706,428,17200.0,0.0,17834.46,1.04,20150714,20160711
707,428,17200.0,0.0,18334.37,1.07,20150715,20160712
708,428,18000.0,0.0,19466.23,1.08,20150716,20160713
709,428,17700.0,0.0,18972.85,1.07,20150717,20160714
710,428,17900.0,0.0,19235.03,1.07,20150720,20160715
711,428,18000.0,0.0,19265.55,1.07,20150721,20160718
712,428,17600.0,0.0,18723.63,1.06,20150722,20160719
713,428,17100.0,0.0,18022.7,1.05,20150723,20160720
714,428,17500.0,200.0,18442.1,1.07,20150724,20160721
715,428,19200.0,0.0,20178.66,1.05,20150727,20160722
716,428,17500.0,0.0,18264.63,1.04,20150728,20160725
717,428,18400.0,0.0,19430.32,1.06,20150729,20160726
718,428,18300.0,0.0,18951.28,1.04,20150730,20160727
719,428,18700.0,0.0,19414.98,1.04,20150731,20160728
720,428,18100.0,0.0,18643.75,1.03,20150803,20160729
721,428,19200.0,0.0,19707.3,1.03,20150804,20160801
722,428,19000.0,0.0,19530.1,1.03,20150805,20160802
723,428,18800.0,0.0,19390.11,1.03,20150806,20160803
724,428,19400.0,0.0,20094.18,1.04,20150807,20160804
725,428,19800.0,0.0,20640.19,1.04,20150810,20160805
726,428,19300.0,0.0,20116.31,1.04,20150811,20160808
727,428,18900.0,0.0,19607.36,1.04,20150812,20160809
728,428,19800.0,0.0,20759.73,1.05,20150813,20160810
729,428,19900.0,0.0,20885.13,1.05,20150814,20160811
730,428,20400.0,0.0,22006.78,1.08,20150817,20160812
731,428,19700.0,0.0,21704.55,1.1,20150818,20160815
732,428,20000.0,0.0,21994.92,1.1,20150819,20160816
733,428,20100.0,0.0,22052.15,1.1,20150820,20160817
734,428,19700.0,0.0,21562.57,1.09,20150821,20160818
735,428,19200.0,0.0,20851.94,1.09,20150824,20160819
736,428,19700.0,200.0,21149.89,1.08,20150825,20160822
737,428,21400.0,0.0,23130.12,1.08,20150826,20160823
738,428,19700.0,0.0,21072.52,1.07,20150827,20160824
739,428,20700.0,0.0,22017.35,1.06,20150828,20160825
740,428,20700.0,0.0,21968.24,1.06,20150831,20160826
741,428,21100.0,0.0,22385.83,1.06,20150901,20160829
742,428,20400.0,0.0,21637.02,1.06,20150902,20160830
743,428,21500.0,0.0,22996.63,1.07,20150907,20160831
744,428,21500.0,0.0,22742.48,1.06,20150908,20160901
745,428,21200.0,0.0,22562.36,1.06,20150909,20160902
746,428,21800.0,0.0,23273.45,1.07,20150910,20160905
747,428,22100.0,0.0,23838.69,1.08,20150911,20160906
748,428,21600.0,0.0,23131.91,1.07,20150914,20160907
749,428,21200.0,0.0,22483.0,1.06,20150915,20160908
750,428,22200.0,0.0,23726.93,1.07,20150916,20160909
751,428,22600.0,0.0,23756.52,1.05,20150917,20160912
752,428,23100.0,0.0,24503.01,1.06,20150918,20160913
753,428,22500.0,0.0,23560.05,1.05,20150921,20160914
754,428,22700.0,0.0,23933.38,1.05,20150922,20160919
755,428,22800.0,0.0,24012.57,1.05,20150923,20160920
756,428,22300.0,0.0,23551.72,1.06,20150924,20160921
757,428,21800.0,0.0,23019.05,1.06,20150925,20160922
758,428,22100.0,0.0,23388.2,1.06,20150928,20160923
759,428,24000.0,0.0,24939.61,1.04,20150929,20160926
760,428,22500.0,0.0,23361.9,1.04,20150930,20160927
761,428,23500.0,0.0,24366.02,1.04,20151008,20160928
762,428,23400.0,0.0,24341.53,1.04,20151009,20160929
763,428,23700.0,0.0,24726.07,1.04,20151012,20160930
764,428,22800.0,0.0,23940.86,1.05,20151013,20161010
765,428,23800.0,0.0,25154.13,1.06,20151014,20161011
766,428,23800.0,0.0,25089.96,1.05,20151015,20161012
767,428,23500.0,0.0,24808.77,1.06,20151016,20161013
768,428,24100.0,0.0,25538.98,1.06,20151019,20161014
769,428,24500.0,0.0,25783.49,1.05,20151020,20161017
770,428,23800.0,0.0,25162.13,1.06,20151021,20161018
771,428,23100.0,0.0,24218.09,1.05,20151022,20161019
772,428,24400.0,0.0,25856.82,1.06,20151023,20161020
773,428,24700.0,0.0,26386.51,1.07,20151026,20161021
774,428,25000.0,0.0,27252.53,1.09,20151027,20161024
775,428,24400.0,0.0,26360.44,1.08,20151028,20161025
776,428,24700.0,0.0,26618.64,1.08,20151029,20161026
777,428,24900.0,0.0,26793.68,1.08,20151030,20161027
778,428,24400.0,0.0,26189.72,1.07,20151102,20161028
779,428,24400.0,0.0,25942.1,1.06,20151103,20161031
780,428,24600.0,0.0,26420.22,1.07,20151104,20161101
781,428,26300.0,0.0,28048.85,1.07,20151105,20161102
782,428,24700.0,0.0,26384.4,1.07,20151106,20161103
783,428,26000.0,0.0,27693.74,1.07,20151109,20161104
784,428,25800.0,0.0,27476.48,1.06,20151110,20161107
785,428,26100.0,0.0,27929.93,1.07,20151111,20161108
786,428,25300.0,0.0,26846.99,1.06,20151112,20161109
787,428,26000.0,0.0,27981.49,1.08,20151113,20161110
788,428,25900.0,0.0,28100.97,1.08,20151116,20161111
789,428,25500.0,0.0,27746.48,1.09,20151117,20161114
790,428,26100.0,0.0,28395.33,1.09,20151118,20161115
791,428,26600.0,0.0,29003.17,1.09,20151119,20161116
792,428,25800.0,0.0,27988.21,1.08,20151120,20161117
793,428,25200.0,0.0,27041.98,1.07,20151123,20161118
794,428,26300.0,0.0,28691.77,1.09,20151124,20161121
795,428,26400.0,0.0,29175.9,1.11,20151125,20161122
796,428,26700.0,0.0,29786.3,1.12,20151126,20161123
797,428,26100.0,0.0,29015.36,1.11,20151127,20161124
798,428,26300.0,0.0,29567.9,1.12,20151130,20161125
799,428,26400.0,0.0,29818.9,1.13,20151201,20161128
800,428,25900.0,0.0,29436.73,1.14,20151202,20161129
801,428,26100.0,0.0,29177.55,1.12,20151203,20161130
802,428,26200.0,0.0,29674.87,1.13,20151204,20161201
803,428,27900.0,0.0,31276.91,1.12,20151207,20161202
804,428,26500.0,0.0,28948.16,1.09,20151208,20161205
805,428,27800.0,0.0,30338.6,1.09,20151209,20161206
806,428,27500.0,0.0,30118.67,1.1,20151210,20161207
807,428,27800.0,0.0,30501.21,1.1,20151211,20161208
808,428,27000.0,0.0,29646.96,1.1,20151214,20161209
809,428,28100.0,0.0,30170.66,1.07,20151215,20161212
810,428,28000.0,0.0,30007.28,1.07,20151216,20161213
811,428,27500.0,0.0,29324.76,1.07,20151217,20161214
812,428,28300.0,0.0,29877.9,1.06,20151218,20161215
813,428,28800.0,0.0,30462.27,1.06,20151221,20161216
814,428,28000.0,0.0,29330.61,1.05,20151222,20161219
815,428,27500.0,0.0,28409.5,1.03,20151223,20161220
816,428,28400.0,0.0,29979.28,1.06,20151224,20161221
817,428,28500.0,0.0,30119.11,1.06,20151225,20161222
818,428,28900.0,0.0,30529.41,1.06,20151228,20161223
819,428,28100.0,0.0,29616.54,1.05,20151229,20161226
820,428,28400.0,0.0,29895.14,1.05,20151230,20161227
821,428,28500.0,0.0,29857.58,1.05,20151231,20161228
822,428,28100.0,0.0,29406.67,1.05,20160104,20161229
823,428,28200.0,0.0,29338.87,1.04,20160105,20161230
824,428,28200.0,0.0,29754.3,1.06,20160106,20170103
825,428,29800.0,0.0,31739.79,1.07,20160107,20170104
826,428,28300.0,0.0,29925.53,1.06,20160108,20170105
827,428,29600.0,0.0,31231.81,1.06,20160111,20170106
828,428,29200.0,0.0,30888.4,1.06,20160112,20170109
829,428,29500.0,0.0,31114.66,1.05,20160113,20170110
830,428,28800.0,0.0,30021.7,1.04,20160114,20170111
831,428,30000.0,0.0,31251.7,1.04,20160115,20170112
832,428,29900.0,0.0,31187.04,1.04,20160118,20170113
833,428,29300.0,0.0,30586.77,1.04,20160119,20170116
834,428,30100.0,0.0,31510.69,1.05,20160120,20170117
835,428,30600.0,0.0,32289.19,1.06,20160121,20170118
836,428,29800.0,0.0,31139.28,1.04,20160122,20170119
837,428,29200.0,0.0,30574.54,1.05,20160125,20170120
838,428,30000.0,0.0,31261.57,1.04,20160126,20170123
839,428,30100.0,0.0,31470.41,1.05,20160127,20170124
840,428,30400.0,0.0,32111.09,1.06,20160128,20170125
841,428,29600.0,0.0,31213.04,1.05,20160129,20170126
842,428,30000.0,0.0,31459.67,1.05,20160201,20170203
843,428,29900.0,0.0,31373.34,1.05,20160202,20170206
844,428,29500.0,0.0,30850.5,1.05,20160203,20170207
845,428,29400.0,0.0,30761.37,1.05,20160204,20170208
846,428,29400.0,0.0,30945.54,1.05,20160205,20170209
847,428,30100.0,0.0,31937.69,1.06,20160215,20170210
848,428,28900.0,0.0,30627.19,1.06,20160216,20170213
849,428,29000.0,0.0,30785.53,1.06,20160217,20170214
850,428,28600.0,0.0,30238.56,1.06,20160218,20170215
851,428,28500.0,0.0,30226.63,1.06,20160219,20170216
852,428,28200.0,0.0,29630.45,1.05,20160222,20170217
853,428,28600.0,0.0,30613.97,1.07,20160223,20170220
854,428,28500.0,0.0,30501.19,1.07,20160224,20170221
855,428,28300.0,0.0,30511.77,1.08,20160225,20170222
856,428,28900.0,0.0,31017.09,1.07,20160226,20170223
857,428,28900.0,0.0,30954.18,1.07,20160229,20170224
858,428,28400.0,0.0,30011.56,1.06,20160301,20170227
859,428,27800.0,0.0,29234.79,1.05,20160302,20170228
860,428,27500.0,0.0,29065.48,1.06,20160303,20170301
861,428,27600.0,0.0,29104.0,1.05,20160304,20170302
862,428,27500.0,0.0,28990.22,1.05,20160307,20170303
863,428,27100.0,0.0,28670.03,1.06,20160308,20170306
864,428,27000.0,0.0,28535.97,1.06,20160309,20170307
865,428,27200.0,0.0,28943.1,1.06,20160310,20170308
866,428,26800.0,0.0,28178.44,1.05,20160311,20170309
867,428,27000.0,0.0,28276.8,1.05,20160314,20170310
868,428,26700.0,0.0,28294.02,1.06,20160315,20170313
869,428,27200.0,0.0,28835.81,1.06,20160316,20170314
870,428,26500.0,0.0,28070.63,1.06,20160317,20170315
871,428,26600.0,0.0,28408.97,1.07,20160318,20170316
872,428,26300.0,0.0,27747.33,1.06,20160321,20170317
873,428,26100.0,0.0,27511.01,1.05,20160322,20170320
874,428,26000.0,0.0,27570.4,1.06,20160323,20170321
875,428,26400.0,0.0,27890.06,1.06,20160324,20170322
876,428,26400.0,0.0,27989.54,1.06,20160325,20170323
877,428,25200.0,0.0,26811.13,1.06,20160328,20170324
878,428,25800.0,0.0,27349.52,1.06,20160329,20170327
879,428,25400.0,0.0,26711.56,1.05,20160330,20170328
880,428,25200.0,0.0,26388.28,1.05,20160331,20170329
881,428,25400.0,0.0,26362.51,1.04,20160401,20170330
882,428,25100.0,0.0,26341.93,1.05,20160405,20170331
883,428,25200.0,0.0,26979.86,1.07,20160406,20170405
884,428,25100.0,100.0,26880.49,1.07,20160407,20170406
885,428,24700.0,100.0,26450.7,1.07,20160408,20170407
886,428,24400.0,0.0,25594.54,1.05,20160411,20170410
887,428,24300.0,100.0,25988.8,1.07,20160412,20170411
888,428,23900.0,0.0,24872.3,1.04,20160413,20170412
889,428,24400.0,0.0,25373.02,1.04,20160414,20170413
890,428,24200.0,0.0,25639.77,1.06,20160415,20170414
891,428,24800.0,0.0,26282.17,1.06,20160418,20170417
892,428,24400.0,0.0,25773.62,1.06,20160419,20170418
893,428,24900.0,0.0,26194.74,1.05,20160420,20170419
894,428,24800.0,0.0,26264.06,1.06,20160421,20170420
895,428,24400.0,0.0,25811.18,1.06,20160422,20170421
896,428,24600.0,0.0,25711.45,1.05,20160425,20170424
897,428,24600.0,0.0,25794.9,1.05,20160426,20170425
898,428,24700.0,0.0,25990.58,1.05,20160427,20170426
899,428,23400.0,0.0,24447.07,1.04,20160428,20170427
900,428,24000.0,0.0,25000.84,1.04,20160429,20170428
901,428,24100.0,0.0,24942.64,1.03,20160503,20170502
902,428,23800.0,0.0,24440.95,1.03,20160504,20170503
903,428,24000.0,0.0,24582.34,1.02,20160505,20170504
904,428,24000.0,0.0,24551.69,1.02,20160506,20170505
905,428,24200.0,0.0,24638.87,1.02,20160509,20170508
906,428,23900.0,100.0,24358.42,1.02,20160510,20170509
907,428,23400.0,100.0,23685.73,1.02,20160511,20170510
908,428,23200.0,0.0,23602.83,1.02,20160512,20170511
909,428,22900.0,100.0,23474.44,1.03,20160513,20170512
910,428,22700.0,0.0,23396.71,1.03,20160516,20170515
911,428,23200.0,0.0,24155.89,1.04,20160517,20170516
912,428,23000.0,0.0,23800.76,1.03,20160518,20170517
913,428,23400.0,0.0,24172.24,1.03,20160519,20170518
914,428,23000.0,0.0,23776.52,1.03,20160520,20170519
915,428,23300.0,0.0,24147.03,1.04,20160523,20170522
916,428,23000.0,0.0,23952.46,1.04,20160524,20170523
917,428,22600.0,0.0,23495.25,1.04,20160525,20170524
918,428,22500.0,0.0,23847.99,1.06,20160526,20170525
919,428,22500.0,0.0,23825.83,1.06,20160527,20170526
920,428,22500.0,0.0,23852.0,1.06,20160530,20170531
921,428,21100.0,0.0,22209.95,1.05,20160531,20170601
922,428,21400.0,0.0,22475.07,1.05,20160601,20170602
923,428,21700.0,0.0,22583.43,1.04,20160602,20170605
924,428,21300.0,0.0,22254.21,1.04,20160603,20170606
925,428,21400.0,0.0,22696.39,1.06,20160606,20170607
926,428,20900.0,0.0,22352.57,1.07,20160607,20170608
927,428,20700.0,0.0,22255.71,1.08,20160608,20170609
928,428,20500.0,100.0,22002.03,1.08,20160613,20170612
929,428,20000.0,100.0,21432.24,1.08,20160614,20170613
930,428,19800.0,0.0,21021.2,1.06,20160615,20170614
931,428,19400.0,100.0,20487.31,1.06,20160616,20170615
932,428,19500.0,0.0,20632.13,1.06,20160617,20170616
933,428,19900.0,0.0,21257.43,1.07,20160620,20170619
934,428,19500.0,0.0,20730.98,1.06,20160621,20170620
935,428,19800.0,0.0,21386.03,1.08,20160622,20170621
936,428,19500.0,0.0,21090.86,1.08,20160623,20170622
937,428,19900.0,0.0,21793.18,1.1,20160624,20170623
938,428,19300.0,0.0,19817.16,1.03,20160627,20170626
939,428,18900.0,0.0,19357.25,1.02,20160628,20170627
940,428,18900.0,0.0,20704.71,1.1,20160629,20170628
941,428,18800.0,0.0,19609.52,1.04,20160630,20170629
942,428,18800.0,100.0,20633.48,1.1,20160701,20170630
943,428,17900.0,100.0,19492.11,1.09,20160704,20170703
944,428,18200.0,0.0,18938.44,1.04,20160705,20170704
945,428,18600.0,100.0,20301.13,1.1,20160706,20170705
946,428,18200.0,200.0,19693.66,1.09,20160707,20170706
947,428,18300.0,200.0,19803.18,1.09,20160708,20170707
948,428,17800.0,300.0,19203.99,1.1,20160711,20170710
949,428,17600.0,300.0,19115.14,1.1,20160712,20170711
950,428,16900.0,400.0,18059.57,1.09,20160713,20170712
951,428,16500.0,500.0,17650.78,1.1,20160714,20170713
952,428,16500.0,500.0,17761.02,1.11,20160715,20170714
953,428,16000.0,500.0,16985.28,1.09,20160718,20170717
954,428,16200.0,400.0,17318.84,1.09,20160719,20170718
955,428,16600.0,600.0,17903.0,1.11,20160720,20170719
956,428,16200.0,700.0,17390.05,1.12,20160721,20170720
957,428,16600.0,700.0,17857.03,1.12,20160722,20170721
958,428,16300.0,700.0,17602.14,1.12,20160725,20170724
959,428,16400.0,700.0,17569.67,1.11,20160726,20170725
960,428,16000.0,800.0,16975.35,1.11,20160727,20170726
961,428,15700.0,800.0,16661.53,1.11,20160728,20170727
962,428,15800.0,800.0,16805.34,1.11,20160729,20170728
963,428,15700.0,900.0,16696.61,1.12,20160801,20170731
964,428,15600.0,1100.0,16524.39,1.13,20160802,20170801
965,428,15000.0,1100.0,15849.84,1.13,20160803,20170802
966,428,15400.0,900.0,16345.02,1.12,20160804,20170803
967,428,15800.0,1000.0,16555.26,1.11,20160805,20170804
968,428,15500.0,1200.0,16075.88,1.11,20160808,20170807
969,428,15500.0,1300.0,15975.02,1.11,20160809,20170808
970,428,15000.0,1300.0,15432.71,1.12,20160810,20170809
971,428,15100.0,1200.0,15670.72,1.12,20160811,20170810
972,428,14500.0,1100.0,14727.23,1.09,20160812,20170811
973,428,14100.0,1300.0,14217.73,1.1,20160815,20170814
974,428,14100.0,1400.0,14153.02,1.1,20160816,20170815
975,428,13600.0,1400.0,13578.01,1.1,20160817,20170816
976,428,13700.0,1400.0,13791.89,1.11,20160818,20170817
977,428,14100.0,1600.0,14017.81,1.11,20160819,20170818
978,428,13800.0,1700.0,13614.48,1.11,20160822,20170821
979,428,14000.0,1800.0,13837.93,1.12,20160823,20170822
980,428,13800.0,1800.0,13647.02,1.12,20160824,20170823
981,428,14000.0,1700.0,13923.08,1.12,20160825,20170824
982,428,13400.0,2100.0,13082.6,1.13,20160826,20170825
983,428,13100.0,2200.0,12777.95,1.14,20160829,20170828
984,428,13100.0,2200.0,12703.09,1.14,20160830,20170829
985,428,12900.0,2200.0,12465.42,1.14,20160831,20170830
986,428,12900.0,2200.0,12459.57,1.14,20160901,20170831
987,428,12300.0,2200.0,11794.3,1.14,20160902,20170901
988,428,12600.0,2100.0,12304.34,1.14,20160905,20170904
989,428,13000.0,2200.0,12688.89,1.15,20160906,20170905
990,428,12800.0,2500.0,12093.02,1.14,20160907,20170906
991,428,12900.0,2500.0,12158.86,1.14,20160908,20170907
992,428,12400.0,2500.0,11591.61,1.14,20160909,20170908
993,428,12400.0,2500.0,11668.55,1.14,20160912,20170911
994,428,12100.0,2400.0,11427.59,1.14,20160913,20170912
995,428,12100.0,2600.0,11249.03,1.14,20160914,20170913
996,428,12000.0,2600.0,11081.16,1.14,20160919,20170914
997,428,11500.0,2500.0,10620.64,1.14,20160920,20170915
998,428,11600.0,2600.0,10674.95,1.14,20160921,20170918
999,428,12000.0,2700.0,10920.95,1.14,20160922,20170919
1000,428,11600.0,2900.0,10269.04,1.14,20160923,20170920
1001,428,11800.0,3000.0,10480.82,1.14,20160926,20170921
1002,428,11600.0,3000.0,10205.36,1.14,20160927,20170922
1003,428,11700.0,2800.0,10485.24,1.14,20160928,20170925
1004,428,11000.0,3300.0,9184.01,1.13,20160929,20170926
1005,428,10700.0,3300.0,8839.72,1.13,20160930,20170927
1006,428,10800.0,3300.0,8933.24,1.13,20161010,20170928
1007,428,10600.0,3400.0,8652.51,1.14,20161011,20170929
1008,428,10400.0,3500.0,8408.94,1.15,20161012,20171009
1009,428,9900.0,3500.0,7859.93,1.15,20161013,20171010
1010,428,10200.0,3500.0,8275.36,1.15,20161014,20171011
1011,428,10700.0,3600.0,8803.79,1.16,20161017,20171012
1012,428,10500.0,3900.0,8257.05,1.16,20161018,20171013
1013,428,10600.0,3800.0,8440.3,1.15,20161019,20171016
1014,428,10000.0,3800.0,7737.23,1.15,20161020,20171017
1015,428,9700.0,3900.0,7333.81,1.16,20161021,20171018
1016,428,9400.0,3700.0,7132.91,1.15,20161024,20171019
1017,428,9300.0,4000.0,6697.01,1.15,20161025,20171020
1018,428,9300.0,4000.0,6729.36,1.15,20161026,20171023
1019,428,8800.0,3900.0,6285.38,1.16,20161027,20171024
1020,428,9000.0,4000.0,6458.16,1.16,20161028,20171025
1021,428,9400.0,4100.0,6864.06,1.17,20161031,20171026
1022,428,9000.0,4300.0,6162.45,1.16,20161101,20171027
1023,428,8900.0,4100.0,6221.67,1.16,20161102,20171030
1024,428,8800.0,3900.0,6301.2,1.16,20161103,20171031
1025,428,8900.0,3700.0,6607.09,1.16,20161104,20171101
1026,428,8300.0,4200.0,5392.53,1.16,20161107,20171102
1027,428,8100.0,4100.0,5241.16,1.15,20161108,20171103
1028,428,8400.0,4200.0,5557.69,1.16,20161109,20171106
1029,428,8300.0,4400.0,5322.37,1.17,20161110,20171107
1030,428,8100.0,4500.0,4953.14,1.17,20161111,20171108
1031,428,7600.0,4400.0,4510.86,1.17,20161114,20171109
1032,428,7900.0,4500.0,4874.27,1.19,20161115,20171110
1033,428,8300.0,4600.0,5253.64,1.19,20161116,20171113
1034,428,8300.0,4900.0,4900.6,1.18,20161117,20171114
1035,428,8400.0,4600.0,5276.77,1.18,20161118,20171115
1036,428,7800.0,4600.0,4597.41,1.18,20161121,20171116
1037,428,7600.0,4700.0,4270.73,1.18,20161122,20171117
1038,428,7500.0,4600.0,4296.28,1.19,20161123,20171120
1039,428,7400.0,5000.0,3827.45,1.19,20161124,20171121
1040,428,7300.0,5100.0,3606.86,1.19,20161125,20171122
1041,428,6700.0,4600.0,3228.86,1.17,20161128,20171123
1042,428,6900.0,4700.0,3385.85,1.17,20161129,20171124
1043,428,6800.0,4700.0,3174.65,1.16,20161130,20171127
1044,428,6500.0,4900.0,2592.29,1.15,20161201,20171128
1045,428,6300.0,4700.0,2535.16,1.15,20161202,20171129
1046,428,6400.0,4400.0,2943.88,1.15,20161205,20171130
1047,428,6400.0,4200.0,3146.57,1.15,20161206,20171201
1048,428,5900.0,4700.0,2052.15,1.14,20161207,20171204
1049,428,5700.0,4600.0,1944.34,1.15,20161208,20171205
1050,428,5900.0,4600.0,2165.05,1.15,20161209,20171206
1051,428,6100.0,4700.0,2332.5,1.15,20161212,20171207
1052,428,6000.0,4900.0,2043.7,1.16,20161213,20171208
1053,428,5600.0,5000.0,1527.96,1.17,20161214,20171211
1054,428,5900.0,4800.0,2105.92,1.17,20161215,20171212
1055,428,6200.0,5000.0,2266.74,1.17,20161216,20171213
1056,428,6300.0,5200.0,2173.6,1.17,20161219,20171214
1057,428,6300.0,4800.0,2518.73,1.16,20161220,20171215
1058,428,5900.0,4800.0,2055.94,1.16,20161221,20171218
1059,428,5900.0,5100.0,1813.69,1.17,20161222,20171219
1060,428,5800.0,4900.0,1904.15,1.17,20161223,20171220
1061,428,5700.0,5400.0,1304.59,1.18,20161226,20171221
1062,428,5700.0,5500.0,1222.2,1.18,20161227,20171222
1063,428,5200.0,4900.0,1176.83,1.17,20161228,20171225
1064,428,5400.0,5200.0,1146.01,1.18,20161229,20171226
1065,428,5100.0,5000.0,925.28,1.16,20161230,20171227
1066,428,4900.0,5300.0,375.4,1.16,20170103,20171228
1067,428,4700.0,5200.0,203.61,1.15,20170104,20171229
1068,428,4600.0,5100.0,187.82,1.15,20170105,20180102
1069,428,4600.0,5000.0,294.42,1.15,20170106,20180103
1070,428,4200.0,4700.0,89.61,1.14,20170109,20180104
1071,428,4000.0,4100.0,467.86,1.14,20170110,20180105
1072,428,4200.0,4600.0,220.83,1.15,20170111,20180108
1073,428,4000.0,4400.0,198.24,1.15,20170112,20180109
1074,428,3900.0,3900.0,565.34,1.14,20170113,20180110
1075,428,3600.0,4100.0,20.72,1.14,20170116,20180111
1076,428,3700.0,3800.0,445.29,1.15,20170117,20180112
1077,428,4000.0,4600.0,15.43,1.15,20170118,20180115
1078,428,4100.0,4200.0,504.03,1.15,20170119,20180116
1079,428,4000.0,4000.0,543.93,1.14,20170120,20180117
1080,428,3800.0,4000.0,340.39,1.14,20170123,20180118
1081,428,3800.0,4300.0,70.17,1.15,20170124,20180119
1082,428,3600.0,4000.0,113.96,1.14,20170125,20180122
1083,428,3700.0,4000.0,217.61,1.14,20170126,20180123
1084,428,3600.0,4000.0,117.1,1.14,20170203,20180124
1085,428,3100.0,3500.0,41.5,1.14,20170206,20180125
1086,428,3200.0,3300.0,387.75,1.15,20170207,20180126
1087,428,3000.0,3300.0,96.2,1.13,20170208,20180129
1088,428,2900.0,2900.0,355.13,1.12,20170209,20180130
1089,428,2800.0,3000.0,136.48,1.12,20170210,20180131
1090,428,2800.0,3000.0,128.84,1.12,20170213,20180201
1091,428,2800.0,2800.0,312.62,1.11,20170214,20180202
1092,428,2500.0,2600.0,228.74,1.13,20170215,20180205
1093,428,2300.0,2200.0,384.11,1.12,20170216,20180206
1094,428,2400.0,2600.0,106.26,1.13,20170217,20180207
1095,428,2100.0,2200.0,133.86,1.11,20170220,20180208
1096,428,2400.0,2200.0,417.02,1.09,20170221,20180209
1097,428,2100.0,2000.0,343.66,1.12,20170222,20180212
1098,428,2000.0,2100.0,113.85,1.11,20170223,20180213
1099,428,2300.0,2200.0,355.66,1.11,20170224,20180214
1100,428,2300.0,2500.0,64.69,1.12,20170227,20180222
1101,428,2300.0,2500.0,55.02,1.11,20170228,20180223
1102,428,2200.0,2300.0,212.07,1.14,20170301,20180226
1103,428,2200.0,2400.0,139.22,1.15,20170302,20180227
1104,428,2100.0,2300.0,116.88,1.15,20170303,20180228
1105,428,2200.0,2300.0,270.1,1.17,20170306,20180301
1106,428,2000.0,2000.0,264.52,1.13,20170307,20180302
1107,428,1700.0,1700.0,184.91,1.11,20170308,20180305
1108,428,1800.0,1900.0,122.62,1.12,20170309,20180306
1109,428,1700.0,1600.0,261.57,1.1,20170310,20180307
1110,428,1700.0,1700.0,170.41,1.1,20170313,20180308
1111,428,1600.0,1800.0,37.78,1.15,20170314,20180309
1112,428,1700.0,1800.0,78.73,1.11,20170315,20180312
1113,428,1900.0,2100.0,17.1,1.11,20170316,20180313
1114,428,1600.0,1700.0,125.2,1.14,20170317,20180314
1115,428,1400.0,1600.0,0.38,1.14,20170320,20180315
1116,428,1400.0,1300.0,276.6,1.13,20170321,20180316
1117,428,1300.0,1400.0,59.12,1.12,20170322,20180319
1118,428,1700.0,1400.0,476.08,1.1,20170323,20180320
1119,428,1500.0,1300.0,341.13,1.09,20170324,20180321
1120,428,1400.0,1300.0,259.91,1.11,20170327,20180322
1121,428,2100.0,1400.0,887.8,1.09,20170328,20180323
1122,428,2200.0,1500.0,880.77,1.08,20170329,20180326
1123,428,2100.0,1900.0,402.38,1.1,20170330,20180327
1124,428,2400.0,1500.0,1082.36,1.08,20170331,20180328
1125,428,2100.0,1600.0,700.59,1.1,20170405,20180329
1126,428,2000.0,1600.0,583.78,1.09,20170406,20180330
1127,428,2200.0,1600.0,807.11,1.09,20170407,20180402
1128,428,2200.0,1600.0,770.25,1.08,20170410,20180403
1129,428,2000.0,1300.0,820.47,1.06,20170411,20180404
1130,428,2000.0,1400.0,722.5,1.06,20170412,20180409
1131,428,1500.0,1200.0,445.1,1.1,20170413,20180410
1132,428,1600.0,1300.0,482.66,1.11,20170414,20180411
1133,428,1700.0,1300.0,581.6,1.11,20170417,20180412
1134,428,2000.0,1600.0,603.05,1.1,20170418,20180413
1135,428,2500.0,1700.0,970.24,1.07,20170419,20180416
1136,428,2400.0,1300.0,1260.64,1.07,20170420,20180417
1137,428,2100.0,1300.0,957.2,1.07,20170421,20180418
1138,428,2100.0,1300.0,950.21,1.07,20170424,20180419
1139,428,2100.0,1200.0,1021.05,1.06,20170425,20180420
1140,428,2500.0,1400.0,1222.64,1.05,20170426,20180423
1141,428,2100.0,1300.0,913.77,1.05,20170427,20180424
1142,428,2200.0,1300.0,1047.54,1.07,20170428,20180425
1143,428,3100.0,1400.0,1846.07,1.05,20170502,20180426
1144,428,3200.0,1500.0,1844.61,1.05,20170503,20180427
1145,428,3100.0,1500.0,1728.29,1.04,20170504,20180502
1146,428,3300.0,1500.0,1940.92,1.04,20170505,20180503
1147,428,3300.0,1600.0,1869.51,1.05,20170508,20180504
1148,428,3100.0,1600.0,1674.04,1.06,20170509,20180507
1149,428,3100.0,1600.0,1706.7,1.07,20170510,20180508
1150,428,3100.0,1600.0,1672.65,1.06,20170511,20180509
1151,428,2800.0,1300.0,1630.7,1.05,20170512,20180510
1152,428,2900.0,1400.0,1626.25,1.04,20170515,20180511
1153,428,2300.0,1200.0,1242.72,1.06,20170516,20180514
1154,428,2200.0,1300.0,1068.77,1.08,20170517,20180515
1155,428,2400.0,1200.0,1349.23,1.06,20170518,20180516
1156,428,2600.0,1200.0,1546.74,1.06,20170519,20180517
1157,428,2700.0,1200.0,1674.84,1.06,20170522,20180518
1158,428,2600.0,1000.0,1752.56,1.06,20170523,20180521
1159,428,2400.0,800.0,1732.05,1.06,20170524,20180522
1160,428,2400.0,500.0,2001.56,1.04,20170525,20180523
1161,428,2500.0,600.0,2005.39,1.04,20170526,20180524
1162,428,3000.0,800.0,2305.92,1.04,20170531,20180525
1163,428,2600.0,300.0,2358.56,1.02,20170601,20180528
1164,428,2600.0,400.0,2270.2,1.03,20170602,20180529
1165,428,3700.0,500.0,3258.76,1.02,20170605,20180530
1166,428,3500.0,500.0,3070.22,1.02,20170606,20180531
1167,428,3500.0,400.0,3130.62,1.01,20170607,20180601
1168,428,3500.0,300.0,3222.3,1.01,20170608,20180604
1169,428,3300.0,300.0,3037.25,1.01,20170609,20180605
1170,428,3100.0,300.0,2811.98,1.0,20170612,20180606
1171,428,3000.0,400.0,2599.48,1.0,20170613,20180607
1172,428,3300.0,400.0,2925.03,1.01,20170614,20180608
1173,428,3200.0,400.0,2789.51,1.0,20170615,20180611
1174,428,3200.0,400.0,2808.17,1.0,20170616,20180612
1175,428,2800.0,300.0,2499.69,1.0,20170619,20180613
1176,428,2600.0,300.0,2305.07,1.0,20170620,20180614
1177,428,2900.0,0.0,2872.63,0.99,20170621,20180615
1178,428,3600.0,0.0,3520.48,0.98,20170622,20180619
1179,428,3600.0,0.0,3523.13,0.98,20170623,20180620
1180,428,3700.0,0.0,3616.8,0.98,20170626,20180621
1181,428,3500.0,0.0,3430.34,0.98,20170627,20180622
1182,428,3800.0,100.0,3600.01,0.97,20170628,20180625
1183,428,4000.0,0.0,3883.05,0.97,20170629,20180626
1184,428,4700.0,300.0,4236.6,0.97,20170630,20180627
1185,428,4400.0,200.0,4022.02,0.96,20170703,20180628
1186,428,4100.0,100.0,3866.37,0.97,20170704,20180629
1187,428,5500.0,0.0,5244.87,0.95,20170705,20180702
1188,428,5300.0,0.0,5018.32,0.95,20170706,20180703
1189,428,5500.0,0.0,5186.89,0.94,20170707,20180704
1190,428,5600.0,0.0,5240.23,0.94,20170710,20180705
1191,428,5400.0,0.0,5076.73,0.94,20170711,20180706
1192,428,4800.0,0.0,4552.79,0.95,20170712,20180709
1193,428,4600.0,0.0,4357.61,0.95,20170713,20180710
1194,428,5200.0,0.0,4908.83,0.94,20170714,20180711
1195,428,4700.0,0.0,4474.12,0.95,20170717,20180712
1196,428,4700.0,0.0,4469.08,0.95,20170718,20180713
1197,428,4500.0,0.0,4284.04,0.95,20170719,20180716
1198,428,4300.0,0.0,4091.66,0.95,20170720,20180717
1199,428,4800.0,0.0,4552.39,0.95,20170721,20180718
1200,428,5600.0,0.0,5366.5,0.96,20170724,20180719
1201,428,5200.0,0.0,5031.87,0.97,20170725,20180720
1202,428,5300.0,0.0,5169.84,0.98,20170726,20180723
1203,428,4900.0,0.0,4833.17,0.99,20170727,20180724
1204,428,5100.0,0.0,5043.87,0.99,20170728,20180725
1205,428,5500.0,0.0,5427.9,0.99,20170731,20180726
1206,428,6300.0,300.0,5978.39,1.0,20170801,20180727
1207,428,6000.0,200.0,5757.41,0.99,20170802,20180730
1208,428,5600.0,100.0,5407.91,0.98,20170803,20180731
1209,428,7300.0,0.0,7124.09,0.98,20170804,20180801
1210,428,7400.0,0.0,7099.31,0.96,20170807,20180802
1211,428,7700.0,0.0,7348.68,0.95,20170808,20180803
1212,428,8000.0,0.0,7590.42,0.95,20170809,20180806
1213,428,7400.0,0.0,7124.58,0.96,20170810,20180807
1214,428,7000.0,0.0,6600.34,0.94,20170811,20180808
1215,428,6500.0,0.0,6201.63,0.95,20170814,20180809
1216,428,7000.0,0.0,6735.9,0.96,20170815,20180810
1217,428,6600.0,0.0,6273.94,0.95,20170816,20180813
1218,428,6600.0,0.0,6242.62,0.95,20170817,20180814
1219,428,6700.0,0.0,6280.73,0.94,20170818,20180815
1220,428,6600.0,0.0,6205.62,0.94,20170821,20180816
1221,428,7300.0,0.0,6798.68,0.93,20170822,20180817
1222,428,7900.0,0.0,7418.43,0.94,20170823,20180820
1223,428,7400.0,0.0,6989.49,0.94,20170824,20180821
1224,428,7600.0,0.0,7180.46,0.94,20170825,20180822
1225,428,7100.0,0.0,6693.17,0.94,20170828,20180823
1226,428,7300.0,0.0,6897.26,0.94,20170829,20180824
1227,428,7500.0,0.0,7249.54,0.97,20170830,20180827
1228,428,8300.0,300.0,7779.78,0.97,20170831,20180828
1229,428,8200.0,200.0,7776.38,0.97,20170901,20180829
1230,428,8000.0,100.0,7567.39,0.96,20170904,20180830
1231,428,9800.0,0.0,9410.06,0.96,20170905,20180831
1232,428,9900.0,0.0,9528.67,0.96,20170906,20180903
1233,428,10000.0,0.0,9766.47,0.98,20170907,20180904
1234,428,10600.0,0.0,10233.67,0.97,20170908,20180905
1235,428,9900.0,0.0,9410.45,0.95,20170911,20180906
1236,428,9500.0,0.0,9039.75,0.95,20170912,20180907
1237,428,9100.0,0.0,8514.69,0.94,20170913,20180910
1238,428,9700.0,0.0,9089.77,0.94,20170914,20180911
1239,428,9300.0,0.0,8635.59,0.93,20170915,20180912
1240,428,9100.0,0.0,8495.39,0.93,20170918,20180913
1241,428,9300.0,0.0,8788.92,0.95,20170919,20180914
1242,428,9300.0,0.0,8782.92,0.94,20170920,20180917
1243,428,9800.0,0.0,9397.96,0.96,20170921,20180918
1244,428,10200.0,0.0,9847.95,0.97,20170922,20180919
1245,428,9700.0,0.0,9287.42,0.96,20170925,20180920
1246,428,9500.0,0.0,9316.75,0.98,20170926,20180921
1247,428,9100.0,0.0,8823.74,0.97,20170927,20180925
1248,428,9200.0,0.0,8998.81,0.98,20170928,20180926
1249,428,9500.0,0.0,9247.45,0.97,20170929,20180927
1250,428,10100.0,300.0,9680.87,0.99,20171009,20180928
1251,428,10500.0,200.0,9830.69,0.96,20171010,20181008
1252,428,10100.0,100.0,9516.75,0.95,20171011,20181009
1253,428,12100.0,0.0,11587.92,0.96,20171012,20181010
1254,428,12800.0,0.0,11839.99,0.92,20171013,20181011
1255,428,12700.0,0.0,11924.36,0.94,20171016,20181012
1256,428,13500.0,0.0,12623.97,0.94,20171017,20181015
1257,428,12900.0,0.0,11960.31,0.93,20171018,20181016
1258,428,12500.0,0.0,11580.47,0.93,20171019,20181017
1259,428,12400.0,0.0,11318.99,0.91,20171020,20181018
1260,428,12700.0,0.0,11810.38,0.93,20171023,20181019
1261,428,11800.0,0.0,11373.78,0.96,20171024,20181022
1262,428,11900.0,0.0,11145.99,0.94,20171025,20181023
1263,428,12100.0,0.0,11434.59,0.95,20171026,20181024
1264,428,12100.0,0.0,11553.39,0.95,20171027,20181025
1265,428,12700.0,0.0,11996.44,0.94,20171030,20181026
1266,428,13400.0,0.0,12322.47,0.92,20171031,20181029
1267,428,12900.0,0.0,11910.05,0.92,20171101,20181030
1268,428,12700.0,0.0,11770.66,0.93,20171102,20181031
1269,428,12200.0,0.0,11358.35,0.93,20171103,20181101
1270,428,12000.0,0.0,11478.8,0.96,20171106,20181102
1271,428,12400.0,0.0,11742.61,0.95,20171107,20181105
1272,428,13000.0,300.0,12004.11,0.95,20171108,20181106
1273,428,13500.0,200.0,12627.66,0.95,20171109,20181107
1274,428,13100.0,100.0,12292.19,0.95,20171110,20181108
1275,428,15300.0,0.0,14379.26,0.94,20171113,20181109
1276,428,15900.0,0.0,15275.72,0.96,20171114,20181112
1277,428,15700.0,0.0,15164.1,0.97,20171115,20181113
1278,428,16600.0,0.0,16009.26,0.96,20171116,20181114
1279,428,15800.0,0.0,15374.25,0.97,20171117,20181115
1280,428,15400.0,0.0,14972.71,0.97,20171120,20181116
1281,428,15100.0,0.0,14900.89,0.99,20171121,20181119
1282,428,15600.0,0.0,15044.11,0.96,20171122,20181120
1283,428,14700.0,0.0,14019.37,0.95,20171123,20181121
1284,428,14800.0,0.0,14145.75,0.96,20171124,20181122
1285,428,15300.0,0.0,14419.64,0.94,20171127,20181123
1286,428,15300.0,0.0,14498.3,0.95,20171128,20181126
1287,428,15900.0,0.0,15040.35,0.95,20171129,20181127
1288,428,16500.0,0.0,15827.84,0.96,20171130,20181128
1289,428,16200.0,0.0,15337.87,0.95,20171201,20181129
1290,428,15800.0,0.0,14980.84,0.95,20171204,20181130
1291,428,15000.0,0.0,14478.55,0.97,20171205,20181203
1292,428,14800.0,0.0,14145.69,0.96,20171206,20181204
1293,428,15100.0,0.0,14403.7,0.95,20171207,20181205
1294,428,16000.0,300.0,14796.7,0.94,20171208,20181206
1295,428,16500.0,200.0,15484.87,0.95,20171211,20181207
1296,428,16000.0,100.0,14951.53,0.94,20171212,20181210
1297,428,18200.0,0.0,17234.72,0.95,20171213,20181211
1298,428,18800.0,0.0,18011.91,0.96,20171214,20181212
1299,428,18400.0,0.0,17799.73,0.97,20171215,20181213
1300,428,19500.0,0.0,18756.93,0.96,20171218,20181214
1301,428,18700.0,0.0,17910.96,0.96,20171219,20181217
1302,428,18400.0,0.0,17393.88,0.95,20171220,20181218
1303,428,18200.0,0.0,17119.65,0.94,20171221,20181219
1304,428,18700.0,0.0,17464.26,0.93,20171222,20181220
1305,428,17900.0,0.0,16406.78,0.92,20171225,20181221
1306,428,17900.0,0.0,16492.81,0.92,20171226,20181224
1307,428,18600.0,0.0,17230.53,0.93,20171227,20181225
1308,428,18600.0,0.0,17207.28,0.93,20171228,20181226
1309,428,19300.0,0.0,17807.77,0.92,20171229,20181227
1310,428,19800.0,0.0,18271.35,0.92,20180102,20181228
1311,428,19700.0,0.0,17951.71,0.91,20180103,20190102
1312,428,19300.0,0.0,17471.31,0.91,20180104,20190103
1313,428,18200.0,0.0,16697.03,0.92,20180105,20190104
1314,428,17800.0,0.0,16222.22,0.91,20180108,20190107
1315,428,18200.0,0.0,16624.42,0.91,20180109,20190108
1316,428,19000.0,300.0,17285.52,0.93,20180110,20190109
1317,428,19500.0,200.0,17996.63,0.93,20180111,20190110
1318,428,18900.0,100.0,17622.95,0.94,20180112,20190111
1319,428,21200.0,0.0,19758.06,0.93,20180115,20190114
1320,428,21700.0,0.0,20683.21,0.95,20180116,20190115
1321,428,21300.0,0.0,19859.61,0.93,20180117,20190116
1322,428,22400.0,0.0,20988.5,0.94,20180118,20190117
1323,428,21400.0,0.0,20294.2,0.95,20180119,20190118
1324,428,21000.0,0.0,19993.88,0.95,20180122,20190121
1325,428,20900.0,0.0,19781.61,0.95,20180123,20190122
1326,428,21400.0,0.0,20208.94,0.94,20180124,20190123
1327,428,20600.0,0.0,19484.01,0.95,20180125,20190124
1328,428,20500.0,0.0,19561.75,0.95,20180126,20190125
1329,428,21200.0,0.0,20407.5,0.96,20180129,20190128
1330,428,21200.0,0.0,20561.05,0.97,20180130,20190129
1331,428,22000.0,0.0,21207.94,0.96,20180131,20190130
1332,428,22400.0,0.0,21725.49,0.97,20180201,20190131
1333,428,22200.0,0.0,21867.85,0.99,20180202,20190201
1334,428,21600.0,0.0,21410.15,0.99,20180205,20190211
1335,428,20500.0,0.0,20238.24,0.99,20180206,20190212
1336,428,19800.0,0.0,19715.47,1.0,20180207,20190213
1337,428,20300.0,0.0,20276.1,1.0,20180208,20190214
1338,428,21300.0,300.0,20750.78,0.99,20180209,20190215
1339,428,21400.0,200.0,21648.61,1.02,20180212,20190218
1340,428,20700.0,100.0,20947.36,1.02,20180213,20190219
1341,428,23000.0,0.0,23509.24,1.02,20180214,20190220
1342,428,23500.0,0.0,24079.22,1.02,20180222,20190221
1343,428,22900.0,0.0,23979.35,1.05,20180223,20190222
1344,428,23200.0,0.0,26260.02,1.13,20180226,20190225
1345,428,22300.0,0.0,24553.07,1.1,20180227,20190226
1346,428,21800.0,0.0,23852.95,1.09,20180228,20190227
1347,428,21800.0,0.0,23954.42,1.1,20180301,20190228
1348,428,22000.0,0.0,24696.02,1.12,20180302,20190301
1349,428,21100.0,0.0,23795.69,1.13,20180305,20190304
1350,428,20900.0,0.0,23808.96,1.14,20180306,20190305
1351,428,21300.0,0.0,24718.67,1.16,20180307,20190306
1352,428,21400.0,0.0,24624.69,1.15,20180308,20190307
1353,428,22800.0,0.0,25277.39,1.11,20180309,20190308
1354,428,23000.0,0.0,25772.26,1.12,20180312,20190311
1355,428,22600.0,0.0,25492.6,1.13,20180313,20190312
1356,428,22200.0,0.0,24689.67,1.11,20180314,20190313
1357,428,21200.0,0.0,23142.29,1.09,20180315,20190314
1358,428,20400.0,0.0,22302.71,1.09,20180316,20190315
1359,428,20500.0,0.0,23179.98,1.13,20180319,20190318
1360,428,21200.0,0.0,23920.49,1.13,20180320,20190319
1361,428,21400.0,0.0,24260.03,1.13,20180321,20190320
1362,428,20800.0,0.0,23558.34,1.13,20180322,20190321
1363,428,23100.0,0.0,26286.32,1.14,20180323,20190322
1364,428,24000.0,0.0,26682.82,1.11,20180326,20190325
1365,428,23600.0,0.0,25828.67,1.09,20180327,20190326
1366,428,23800.0,0.0,26526.11,1.11,20180328,20190327
1367,428,23100.0,0.0,25532.72,1.11,20180329,20190328
1368,428,22200.0,0.0,25546.34,1.15,20180330,20190329
1369,428,21800.0,0.0,23954.42,1.1,20180402,20190401
1370,428,22000.0,0.0,24696.02,1.12,20180403,20190402
1371,428,21100.0,200.0,25095.13,1.2,20180404,20190403
1372,428,20900.0,300.0,25090.39,1.21,20180409,20190404
1373,428,21300.0,300.0,25714.22,1.22,20180410,20190408
1374,428,21400.0,300.0,26058.09,1.23,20180411,20190409
1375,428,22800.0,300.0,27773.71,1.23,20180412,20190410
1376,428,23000.0,100.0,27659.01,1.21,20180413,20190411
1377,428,22600.0,0.0,25492.6,1.13,20180416,20190412
1378,428,22200.0,100.0,26212.15,1.19,20180417,20190415
1379,428,21200.0,500.0,25097.15,1.21,20180418,20190416
1380,428,20400.0,600.0,23685.17,1.19,20180419,20190417
1381,428,20500.0,500.0,23944.35,1.19,20180420,20190418
1382,428,21200.0,600.0,25185.56,1.22,20180423,20190419
1383,428,21400.0,300.0,25197.79,1.19,20180424,20190422
1384,428,20800.0,200.0,24504.22,1.19,20180425,20190423
1385,428,22700.0,200.0,26957.56,1.2,20180426,20190424
1386,428,23600.0,0.0,27696.03,1.17,20180427,20190425
1387,428,23600.0,0.0,27118.14,1.15,20180502,20190426
1388,428,23600.0,0.0,27503.37,1.17,20180503,20190429
1389,428,23300.0,0.0,26963.07,1.16,20180504,20190430
1390,428,23200.0,0.0,25280.8,1.09,20180507,20190506
1391,428,22600.0,0.0,25069.36,1.11,20180508,20190507
1392,428,22900.0,0.0,25110.19,1.1,20180509,20190508
1393,428,22200.0,200.0,23688.83,1.08,20180510,20190509
1394,428,21600.0,300.0,23702.06,1.11,20180511,20190510
1395,428,22500.0,300.0,24495.78,1.1,20180514,20190513
1396,428,22800.0,300.0,24746.73,1.1,20180515,20190514
1397,428,23700.0,300.0,26274.14,1.12,20180516,20190515
1398,428,23600.0,100.0,26438.81,1.12,20180517,20190516
1399,428,23400.0,0.0,25718.38,1.1,20180518,20190517
1400,428,22700.0,100.0,24428.71,1.08,20180521,20190520
1401,428,21700.0,500.0,22999.95,1.08,20180522,20190521
1402,428,21100.0,600.0,21945.16,1.07,20180523,20190522
1403,428,21200.0,500.0,21881.35,1.06,20180524,20190523
1404,428,21900.0,600.0,22692.4,1.06,20180525,20190524
1405,428,22200.0,300.0,23627.63,1.08,20180528,20190527
1406,428,21400.0,200.0,22940.34,1.08,20180529,20190528
1407,428,23000.0,200.0,24841.8,1.09,20180530,20190529
1408,428,23900.0,0.0,26033.63,1.09,20180531,20190530
1409,428,23700.0,0.0,25537.61,1.08,20180601,20190531
1410,428,23700.0,0.0,25856.25,1.09,20180604,20190603
1411,428,23500.0,0.0,25219.2,1.07,20180605,20190604
1412,428,23500.0,0.0,25138.08,1.07,20180606,20190605
1413,428,23300.0,0.0,24901.92,1.07,20180607,20190606
1414,428,23500.0,0.0,25460.91,1.08,20180608,20190610
1415,428,22500.0,200.0,24811.63,1.11,20180611,20190611
1416,428,21900.0,300.0,23908.7,1.11,20180612,20190612
1417,428,22900.0,300.0,25208.11,1.11,20180613,20190613
1418,428,23400.0,300.0,25636.86,1.11,20180614,20190614
1419,428,24100.0,300.0,26448.3,1.11,20180615,20190617
1420,428,24000.0,100.0,26532.56,1.11,20180619,20190618
1421,428,23800.0,0.0,26775.61,1.13,20180620,20190619
1422,428,22700.0,100.0,26045.75,1.15,20180621,20190620
1423,428,21700.0,500.0,24261.57,1.14,20180622,20190621
1424,428,20700.0,600.0,22833.46,1.13,20180625,20190624
1425,428,21000.0,500.0,23104.58,1.12,20180626,20190625
1426,428,21600.0,600.0,23831.76,1.13,20180627,20190626
1427,428,21800.0,300.0,24697.43,1.15,20180628,20190627
1428,428,20900.0,200.0,23736.54,1.15,20180629,20190628
1429,428,21900.0,200.0,25710.8,1.18,20180702,20190701
1430,428,23000.0,0.0,27295.16,1.19,20180703,20190702
1431,428,22800.0,0.0,26660.21,1.17,20180704,20190703
1432,428,23000.0,0.0,26982.86,1.17,20180705,20190704
1433,428,22800.0,0.0,26693.15,1.17,20180706,20190705
1434,428,23200.0,0.0,26460.84,1.14,20180709,20190708
1435,428,23000.0,0.0,26379.24,1.15,20180710,20190709
1436,428,23100.0,0.0,26520.97,1.15,20180711,20190710
1437,428,21900.0,200.0,24848.14,1.14,20180712,20190711
1438,428,21300.0,300.0,24310.75,1.16,20180713,20190712
1439,428,22200.0,300.0,25691.62,1.17,20180716,20190715
1440,428,22700.0,300.0,26192.2,1.17,20180717,20190716
1441,428,23300.0,300.0,26876.41,1.17,20180718,20190717
1442,428,22900.0,100.0,26359.35,1.16,20180719,20190718
1443,428,22500.0,0.0,26275.7,1.17,20180720,20190719
1444,428,21500.0,100.0,24654.07,1.15,20180723,20190722
1445,428,20500.0,500.0,22892.09,1.14,20180724,20190723
1446,428,19300.0,600.0,21368.09,1.14,20180725,20190724
1447,428,19500.0,500.0,21938.18,1.15,20180726,20190725
1448,428,19900.0,600.0,22422.54,1.16,20180727,20190726
1449,428,20000.0,300.0,22871.38,1.16,20180730,20190729
1450,428,19200.0,200.0,22206.58,1.17,20180731,20190730
1451,428,19900.0,200.0,23004.73,1.17,20180801,20190731
1452,428,21200.0,0.0,24505.02,1.16,20180802,20190801
1453,428,21100.0,0.0,23805.01,1.13,20180803,20190802
1454,428,21600.0,0.0,24160.59,1.12,20180806,20190805
1455,428,21600.0,0.0,23739.76,1.1,20180807,20190806
1456,428,22400.0,0.0,24455.63,1.09,20180808,20190807
1457,428,22200.0,0.0,24789.33,1.12,20180809,20190808
1458,428,22100.0,0.0,24478.64,1.11,20180810,20190809
1459,428,21100.0,200.0,23483.49,1.12,20180813,20190812
1460,428,20600.0,300.0,22682.48,1.12,20180814,20190813
1461,428,21300.0,300.0,23797.26,1.13,20180815,20190814
1462,428,21800.0,300.0,24466.0,1.14,20180816,20190815
1463,428,22200.0,300.0,25057.73,1.14,20180817,20190816
1464,428,21400.0,100.0,24877.03,1.17,20180820,20190819
1465,428,21400.0,0.0,24897.87,1.16,20180821,20190820
1466,428,20600.0,100.0,23697.95,1.16,20180822,20190821
1467,428,19800.0,500.0,22164.55,1.14,20180823,20190822
1468,428,18600.0,600.0,20603.71,1.14,20180824,20190823
1469,428,18900.0,500.0,20826.77,1.13,20180827,20190826
1470,428,19000.0,600.0,21174.3,1.15,20180828,20190827
1471,428,19100.0,300.0,21578.99,1.15,20180829,20190828
1472,428,18500.0,200.0,20977.65,1.14,20180830,20190829
1473,428,18900.0,200.0,21609.57,1.15,20180831,20190830
1474,428,19700.0,0.0,22985.05,1.17,20180903,20190902
1475,428,19500.0,0.0,22523.16,1.16,20180904,20190903
1476,428,19700.0,0.0,23248.17,1.18,20180905,20190904
1477,428,19800.0,0.0,23522.94,1.19,20180906,20190905
1478,428,20400.0,0.0,24360.44,1.19,20180907,20190906
1479,428,20400.0,0.0,24740.3,1.21,20180910,20190909
1480,428,20400.0,0.0,24664.99,1.21,20180911,20190910
1481,428,19300.0,200.0,22888.4,1.2,20180912,20190911
1482,428,18700.0,300.0,20622.02,1.12,20180913,20190912
1483,428,19100.0,300.0,21343.92,1.13,20180914,20190916
1484,428,19800.0,300.0,23334.4,1.19,20180917,20190917
1485,428,19900.0,300.0,23562.81,1.2,20180918,20190918
1486,428,19300.0,100.0,23141.76,1.2,20180919,20190919
1487,428,19300.0,0.0,23369.92,1.21,20180920,20190920
1488,428,18600.0,100.0,22014.55,1.19,20180921,20190923
1489,428,17800.0,500.0,20427.71,1.18,20180925,20190924
1490,428,16800.0,600.0,18752.09,1.15,20180926,20190925
1491,428,17400.0,500.0,19473.39,1.15,20180927,20190926
1492,428,17500.0,600.0,19642.24,1.16,20180928,20190927
1493,428,17500.0,300.0,19750.91,1.15,20181008,20190930
1494,428,16600.0,200.0,18976.06,1.16,20181009,20191008
1495,428,16900.0,200.0,19476.04,1.16,20181010,20191009
1496,428,17500.0,0.0,20549.35,1.17,20181011,20191010
1497,428,17400.0,0.0,20468.95,1.18,20181012,20191011
1498,428,17100.0,0.0,20179.81,1.18,20181015,20191014
1499,428,17400.0,0.0,20634.44,1.19,20181016,20191015
1500,428,18000.0,0.0,21254.28,1.18,20181017,20191016
1501,428,17900.0,0.0,21401.39,1.2,20181018,20191017
1502,428,18000.0,0.0,21153.0,1.18,20181019,20191018
1503,428,16900.0,200.0,19601.8,1.17,20181022,20191021
1504,428,16400.0,300.0,19103.18,1.18,20181023,20191022
1505,428,16800.0,300.0,19666.38,1.19,20181024,20191023
1506,428,17400.0,300.0,20313.13,1.18,20181025,20191024
1507,428,17700.0,300.0,20862.35,1.2,20181026,20191025
1508,428,17300.0,100.0,20723.59,1.2,20181029,20191028
1509,428,17000.0,0.0,20651.18,1.21,20181030,20190920
1510,428,16700.0,100.0,19856.05,1.19,20181031,20190923
1511,428,15800.0,500.0,18130.81,1.18,20181101,20190924
1512,428,14900.0,600.0,16608.52,1.15,20181102,20190925
1513,428,15400.0,500.0,17222.81,1.15,20181105,20190926
1514,428,15700.0,600.0,17632.89,1.16,20181106,20190927
1515,428,15200.0,300.0,17087.43,1.14,20181107,20190930
1516,428,14500.0,200.0,16533.59,1.15,20181108,20191008
1517,428,14600.0,200.0,16791.79,1.16,20181109,20191009
1518,428,14600.0,0.0,16955.87,1.16,20181112,20191010
1519,428,14700.0,0.0,17144.27,1.17,20181113,20191011
1520,428,14200.0,0.0,16578.02,1.17,20181114,20191014
1521,428,14400.0,0.0,16845.82,1.17,20181115,20191015
1522,428,15000.0,0.0,17492.0,1.17,20181116,20191016
1523,428,14600.0,0.0,17163.23,1.18,20181119,20191017
1524,428,15000.0,0.0,17450.33,1.16,20181120,20191018
1525,428,14400.0,200.0,16664.14,1.17,20181121,20191021
1526,428,13600.0,300.0,15685.28,1.18,20181122,20191022
1527,428,14000.0,300.0,16271.87,1.18,20181123,20191023
1528,428,14600.0,300.0,16930.97,1.18,20181126,20191024
1529,428,14800.0,300.0,17302.04,1.19,20181127,20191025
1530,428,14100.0,100.0,16649.75,1.19,20181128,20191028
1531,428,13800.0,0.0,16617.85,1.2,20181129,20190920
1532,428,13500.0,100.0,15904.23,1.19,20181130,20190923
1533,428,12700.0,500.0,14326.87,1.17,20181203,20190924
1534,428,12100.0,600.0,13333.12,1.15,20181204,20190925
1535,428,12500.0,500.0,13810.07,1.14,20181205,20190926
1536,428,12800.0,600.0,14190.51,1.16,20181206,20190927
1537,428,12200.0,300.0,13540.06,1.13,20181207,20190930
1538,428,11500.0,200.0,12960.02,1.14,20181210,20191008
1539,428,11400.0,200.0,12920.66,1.15,20181211,20191009
1540,428,11500.0,0.0,13220.48,1.15,20181212,20191010
1541,428,11700.0,0.0,13522.98,1.16,20181213,20191011
1542,428,11100.0,0.0,12812.92,1.15,20181214,20191014
1543,428,11500.0,0.0,13334.37,1.16,20181217,20191015
1544,428,12100.0,0.0,14003.42,1.16,20181218,20191016
1545,428,11900.0,0.0,13946.3,1.17,20181219,20191017
1546,428,12100.0,0.0,13969.45,1.15,20181220,20191018
1547,428,11500.0,200.0,13178.47,1.16,20181221,20191021
1548,428,10700.0,300.0,12176.71,1.17,20181224,20191022
1549,428,10800.0,300.0,12318.1,1.17,20181225,20191023
1550,428,11400.0,300.0,12978.39,1.16,20181226,20191024
