ts_code,trade_date,pb,pb1220
000001.SH,20090113,2.12,3.07
000001.SH,20090114,2.19,3.07
000001.SH,20090115,2.17,3.06
000001.SH,20090116,2.22,3.06
000001.SH,20090119,2.26,3.06
000001.SH,20090120,2.26,3.06
000001.SH,20090121,2.25,3.06
000001.SH,20090122,2.27,3.06
000001.SH,20090123,2.26,3.06
000001.SH,20090202,2.28,3.06
000001.SH,20090203,2.33,3.06
000001.SH,20090204,2.39,3.06
000001.SH,20090205,2.38,3.06
000001.SH,20090206,2.47,3.06
000001.SH,20090209,2.52,3.06
000001.SH,20090210,2.56,3.06
000001.SH,20090211,2.56,3.06
000001.SH,20090212,2.54,3.06
000001.SH,20090213,2.62,3.06
000001.SH,20090216,2.7,3.06
000001.SH,20090217,2.62,3.06
000001.SH,20090218,2.49,3.06
000001.SH,20090219,2.51,3.06
000001.SH,20090220,2.55,3.05
000001.SH,20090223,2.59,3.05
000001.SH,20090224,2.47,3.05
000001.SH,20090225,2.48,3.05
000001.SH,20090226,2.39,3.05
000001.SH,20090227,2.36,3.05
000001.SH,20090302,2.36,3.05
000001.SH,20090303,2.34,3.05
000001.SH,20090304,2.48,3.05
000001.SH,20090305,2.51,3.05
000001.SH,20090306,2.47,3.05
000001.SH,20090309,2.39,3.05
000001.SH,20090310,2.43,3.05
000001.SH,20090311,2.41,3.05
000001.SH,20090312,2.4,3.05
000001.SH,20090313,2.4,3.05
000001.SH,20090316,2.43,3.05
000001.SH,20090317,2.5,3.05
000001.SH,20090318,2.5,3.05
000001.SH,20090319,2.54,3.05
000001.SH,20090320,2.56,3.05
000001.SH,20090323,2.61,3.04
000001.SH,20090324,2.62,3.04
000001.SH,20090325,2.56,3.04
000001.SH,20090326,2.6,3.04
000001.SH,20090327,2.62,3.04
000001.SH,20090330,2.59,3.04
000001.SH,20090331,2.61,3.04
000001.SH,20090401,2.64,3.04
000001.SH,20090402,2.66,3.04
000001.SH,20090403,2.66,3.04
000001.SH,20090407,2.68,3.04
000001.SH,20090408,2.58,3.04
000001.SH,20090409,2.61,3.04
000001.SH,20090410,2.68,3.04
000001.SH,20090413,2.75,3.04
000001.SH,20090414,2.77,3.04
000001.SH,20090415,2.78,3.04
000001.SH,20090416,2.78,3.04
000001.SH,20090417,2.75,3.04
000001.SH,20090420,2.8,3.04
000001.SH,20090421,2.77,3.04
000001.SH,20090422,2.69,3.04
000001.SH,20090423,2.7,3.04
000001.SH,20090424,2.68,3.04
000001.SH,20090427,2.62,3.04
000001.SH,20090428,2.58,3.04
000001.SH,20090429,2.64,3.04
000001.SH,20090430,2.64,3.04
000001.SH,20090504,2.73,3.04
000001.SH,20090505,2.73,3.04
000001.SH,20090506,2.76,3.03
000001.SH,20090507,2.77,3.03
000001.SH,20090508,2.8,3.03
000001.SH,20090511,2.75,3.03
000001.SH,20090512,2.79,3.03
000001.SH,20090513,2.84,3.03
000001.SH,20090514,2.81,3.04
000001.SH,20090515,2.81,3.04
000001.SH,20090518,2.82,3.04
000001.SH,20090519,2.84,3.04
000001.SH,20090520,2.82,3.04
000001.SH,20090521,2.77,3.04
000001.SH,20090522,2.76,3.04
000001.SH,20090525,2.77,3.04
000001.SH,20090526,2.75,3.04
000001.SH,20090527,2.8,3.04
000001.SH,20090601,2.91,3.04
000001.SH,20090602,2.91,3.04
000001.SH,20090603,2.97,3.04
000001.SH,20090604,2.99,3.04
000001.SH,20090605,2.98,3.04
000001.SH,20090608,3,3.04
000001.SH,20090609,3.03,3.04
000001.SH,20090610,3.06,3.04
000001.SH,20090611,3.05,3.04
000001.SH,20090612,2.99,3.04
000001.SH,20090615,3.06,3.04
000001.SH,20090616,3.05,3.04
000001.SH,20090617,3.08,3.04
000001.SH,20090618,3.14,3.04
000001.SH,20090619,3.17,3.04
000001.SH,20090622,3.2,3.04
000001.SH,20090623,3.21,3.04
000001.SH,20090624,3.24,3.04
000001.SH,20090625,3.25,3.04
000001.SH,20090626,3.27,3.04
000001.SH,20090629,3.32,3.04
000001.SH,20090630,3.3,3.04
000001.SH,20090701,3.36,3.05
000001.SH,20090702,3.42,3.05
000001.SH,20090703,3.45,3.05
000001.SH,20090706,3.49,3.05
000001.SH,20090707,3.45,3.05
000001.SH,20090708,3.43,3.05
000001.SH,20090709,3.47,3.05
000001.SH,20090710,3.46,3.05
000001.SH,20090713,3.42,3.05
000001.SH,20090714,3.49,3.05
000001.SH,20090715,3.54,3.05
000001.SH,20090716,3.53,3.05
000001.SH,20090717,3.53,3.06
000001.SH,20090720,3.62,3.06
000001.SH,20090721,3.56,3.06
000001.SH,20090722,3.65,3.06
000001.SH,20090723,3.69,3.06
000001.SH,20090724,3.73,3.06
000001.SH,20090727,3.81,3.06
000001.SH,20090728,3.8,3.06
000001.SH,20090729,3.63,3.06
000001.SH,20090730,3.7,3.06
000001.SH,20090731,3.8,3.07
000001.SH,20090803,3.84,3.07
000001.SH,20090804,3.85,3.07
000001.SH,20090805,3.8,3.07
000001.SH,20090806,3.72,3.07
000001.SH,20090807,3.61,3.07
000001.SH,20090810,3.59,3.07
000001.SH,20090811,3.61,3.07
000001.SH,20090812,3.43,3.07
000001.SH,20090813,3.47,3.08
000001.SH,20090814,3.37,3.08
000001.SH,20090817,3.18,3.08
000001.SH,20090818,3.22,3.08
000001.SH,20090819,3.08,3.08
000001.SH,20090820,3.21,3.08
000001.SH,20090821,3.25,3.08
000001.SH,20090824,3.25,3.08
000001.SH,20090825,3.16,3.08
000001.SH,20090826,3.2,3.08
000001.SH,20090827,3.18,3.08
000001.SH,20090828,3.07,3.08
000001.SH,20090831,2.85,3.08
000001.SH,20090901,2.88,3.08
000001.SH,20090902,2.92,3.08
000001.SH,20090903,3.06,3.09
000001.SH,20090904,3.07,3.09
000001.SH,20090907,3.09,3.09
000001.SH,20090908,3.14,3.09
000001.SH,20090909,3.16,3.09
000001.SH,20090910,3.14,3.09
000001.SH,20090911,3.21,3.09
000001.SH,20090914,3.25,3.09
000001.SH,20090915,3.25,3.09
000001.SH,20090916,3.21,3.09
000001.SH,20090917,3.29,3.09
000001.SH,20090918,3.18,3.09
000001.SH,20090921,3.19,3.09
000001.SH,20090922,3.12,3.1
000001.SH,20090923,3.06,3.1
000001.SH,20090924,3.08,3.1
000001.SH,20090925,3.06,3.1
000001.SH,20090928,2.98,3.1
000001.SH,20090929,2.97,3.1
000001.SH,20090930,3,3.1
000001.SH,20091009,3.14,3.1
000001.SH,20091012,3.12,3.1
000001.SH,20091013,3.17,3.1
000001.SH,20091014,3.2,3.1
000001.SH,20091015,3.21,3.1
000001.SH,20091016,3.2,3.1
000001.SH,20091019,3.27,3.1
000001.SH,20091020,3.32,3.1
000001.SH,20091021,3.3,3.1
000001.SH,20091022,3.28,3.1
000001.SH,20091023,3.34,3.11
000001.SH,20091026,3.32,3.11
000001.SH,20091027,3.23,3.11
000001.SH,20091028,3.22,3.11
000001.SH,20091029,3.12,3.11
000001.SH,20091030,3.09,3.11
000001.SH,20091102,3.16,3.11
000001.SH,20091103,3.2,3.11
000001.SH,20091104,3.21,3.11
000001.SH,20091105,3.24,3.11
000001.SH,20091106,3.24,3.11
000001.SH,20091109,3.26,3.11
000001.SH,20091110,3.26,3.12
000001.SH,20091111,3.25,3.12
000001.SH,20091112,3.25,3.12
000001.SH,20091113,3.26,3.12
000001.SH,20091116,3.35,3.12
000001.SH,20091117,3.36,3.12
000001.SH,20091118,3.38,3.12
000001.SH,20091119,3.4,3.12
000001.SH,20091120,3.38,3.12
000001.SH,20091123,3.41,3.12
000001.SH,20091124,3.29,3.12
000001.SH,20091125,3.36,3.13
000001.SH,20091126,3.24,3.13
000001.SH,20091127,3.17,3.13
000001.SH,20091130,3.26,3.13
000001.SH,20091201,3.31,3.13
000001.SH,20091202,3.34,3.13
000001.SH,20091203,3.33,3.13
000001.SH,20091204,3.39,3.13
000001.SH,20091207,3.4,3.13
000001.SH,20091208,3.37,3.13
000001.SH,20091209,3.31,3.13
000001.SH,20091210,3.32,3.14
000001.SH,20091211,3.32,3.14
000001.SH,20091214,3.38,3.14
000001.SH,20091215,3.35,3.14
000001.SH,20091216,3.33,3.14
000001.SH,20091217,3.25,3.14
000001.SH,20091218,3.19,3.14
000001.SH,20091221,3.19,3.14
000001.SH,20091222,3.12,3.14
000001.SH,20091223,3.14,3.14
000001.SH,20091224,3.22,3.14
000001.SH,20091225,3.21,3.14
000001.SH,20091228,3.25,3.15
000001.SH,20091229,3.28,3.15
000001.SH,20091230,3.34,3.15
000001.SH,20091231,3.36,3.15
000001.SH,20100104,3.32,3.15
000001.SH,20100105,3.36,3.15
000001.SH,20100106,3.33,3.15
000001.SH,20100107,3.26,3.15
000001.SH,20100108,3.27,3.15
000001.SH,20100111,3.29,3.15
000001.SH,20100112,3.35,3.16
000001.SH,20100113,3.24,3.16
000001.SH,20100114,3.28,3.16
000001.SH,20100115,3.29,3.16
000001.SH,20100118,3.3,3.16
000001.SH,20100119,3.31,3.16
000001.SH,20100120,3.21,3.16
000001.SH,20100121,3.22,3.16
000001.SH,20100122,3.2,3.16
000001.SH,20100125,3.17,3.16
000001.SH,20100126,3.09,3.17
000001.SH,20100127,3.05,3.17
000001.SH,20100128,3.06,3.17
000001.SH,20100129,3.05,3.17
000001.SH,20100201,3,3.17
000001.SH,20100202,3,3.17
000001.SH,20100203,3.07,3.17
000001.SH,20100204,3.06,3.17
000001.SH,20100205,3,3.17
000001.SH,20100208,3,3.17
000001.SH,20100209,3.01,3.17
000001.SH,20100210,3.05,3.17
000001.SH,20100211,3.05,3.17
000001.SH,20100212,3.08,3.18
000001.SH,20100222,3.07,3.18
000001.SH,20100223,3.04,3.18
000001.SH,20100224,3.08,3.18
000001.SH,20100225,3.11,3.18
000001.SH,20100226,3.11,3.18
000001.SH,20100301,3.14,3.18
000001.SH,20100302,3.12,3.18
000001.SH,20100303,3.14,3.18
000001.SH,20100304,3.07,3.18
000001.SH,20100305,3.08,3.18
000001.SH,20100308,3.1,3.18
000001.SH,20100309,3.11,3.19
000001.SH,20100310,3.09,3.19
000001.SH,20100311,3.1,3.19
000001.SH,20100312,3.07,3.19
000001.SH,20100315,3.02,3.19
000001.SH,20100316,3.04,3.19
000001.SH,20100317,3.09,3.19
000001.SH,20100318,3.09,3.19
000001.SH,20100319,3.11,3.19
000001.SH,20100322,3.11,3.19
000001.SH,20100323,3.09,3.19
000001.SH,20100324,3.08,3.19
000001.SH,20100325,3.04,3.19
000001.SH,20100326,3.06,3.2
000001.SH,20100329,3.11,3.2
000001.SH,20100330,3.12,3.2
000001.SH,20100331,3.09,3.2
000001.SH,20100401,3.13,3.2
000001.SH,20100402,3.13,3.2
000001.SH,20100406,3.14,3.2
000001.SH,20100407,3.12,3.2
000001.SH,20100408,3.07,3.2
000001.SH,20100409,3.09,3.2
000001.SH,20100412,3.07,3.21
000001.SH,20100413,3.11,3.21
000001.SH,20100414,3.11,3.21
000001.SH,20100415,3.11,3.21
000001.SH,20100416,3.08,3.21
000001.SH,20100419,2.93,3.21
000001.SH,20100420,2.92,3.21
000001.SH,20100421,2.97,3.21
000001.SH,20100422,2.93,3.21
000001.SH,20100423,2.91,3.21
000001.SH,20100426,2.89,3.21
000001.SH,20100427,2.83,3.21
000001.SH,20100428,2.8,3.22
000001.SH,20100429,2.75,3.22
000001.SH,20100430,2.7,3.22
000001.SH,20100504,2.67,3.22
000001.SH,20100505,2.69,3.22
000001.SH,20100506,2.58,3.22
000001.SH,20100507,2.54,3.22
000001.SH,20100510,2.55,3.22
000001.SH,20100511,2.5,3.22
000001.SH,20100512,2.52,3.22
000001.SH,20100513,2.57,3.22
000001.SH,20100514,2.55,3.22
000001.SH,20100517,2.43,3.22
000001.SH,20100518,2.46,3.22
000001.SH,20100519,2.46,3.22
000001.SH,20100520,2.43,3.22
000001.SH,20100521,2.45,3.23
000001.SH,20100524,2.53,3.23
000001.SH,20100525,2.48,3.23
000001.SH,20100526,2.49,3.23
000001.SH,20100527,2.53,3.23
000001.SH,20100528,2.53,3.23
000001.SH,20100531,2.47,3.23
000001.SH,20100601,2.45,3.23
000001.SH,20100602,2.45,3.23
000001.SH,20100603,2.44,3.23
000001.SH,20100604,2.45,3.23
000001.SH,20100607,2.41,3.23
000001.SH,20100608,2.41,3.23
000001.SH,20100609,2.47,3.23
000001.SH,20100610,2.45,3.23
000001.SH,20100611,2.46,3.24
000001.SH,20100617,2.46,3.24
000001.SH,20100618,2.42,3.24
000001.SH,20100621,2.49,3.24
000001.SH,20100622,2.49,3.24
000001.SH,20100623,2.47,3.24
000001.SH,20100624,2.48,3.24
000001.SH,20100625,2.47,3.24
000001.SH,20100628,2.45,3.24
000001.SH,20100629,2.35,3.24
000001.SH,20100630,2.33,3.24
000001.SH,20100701,2.3,3.24
000001.SH,20100702,2.32,3.24
000001.SH,20100705,2.3,3.24
000001.SH,20100706,2.35,3.24
000001.SH,20100707,2.36,3.24
000001.SH,20100708,2.36,3.24
000001.SH,20100709,2.42,3.24
000001.SH,20100712,2.43,3.24
000001.SH,20100713,2.39,3.25
000001.SH,20100714,2.41,3.25
000001.SH,20100715,2.36,3.25
000001.SH,20100716,2.36,3.25
000001.SH,20100719,2.39,3.25
000001.SH,20100720,2.44,3.25
000001.SH,20100721,2.45,3.25
000001.SH,20100722,2.47,3.25
000001.SH,20100723,2.48,3.25
000001.SH,20100726,2.5,3.25
000001.SH,20100727,2.49,3.25
000001.SH,20100728,2.54,3.25
000001.SH,20100729,2.51,3.25
000001.SH,20100730,2.5,3.25
000001.SH,20100802,2.53,3.25
000001.SH,20100803,2.49,3.26
000001.SH,20100804,2.5,3.26
000001.SH,20100805,2.48,3.26
000001.SH,20100806,2.51,3.26
000001.SH,20100809,2.52,3.26
000001.SH,20100810,2.45,3.26
000001.SH,20100811,2.46,3.26
000001.SH,20100812,2.43,3.26
000001.SH,20100813,2.46,3.26
000001.SH,20100816,2.5,3.26
000001.SH,20100817,2.51,3.26
000001.SH,20100818,2.5,3.26
000001.SH,20100819,2.53,3.26
000001.SH,20100820,2.48,3.26
000001.SH,20100823,2.47,3.26
000001.SH,20100824,2.48,3.26
000001.SH,20100825,2.43,3.26
000001.SH,20100826,2.43,3.26
000001.SH,20100827,2.41,3.26
000001.SH,20100830,2.44,3.27
000001.SH,20100831,2.42,3.27
000001.SH,20100901,2.4,3.27
000001.SH,20100902,2.43,3.27
000001.SH,20100903,2.43,3.27
000001.SH,20100906,2.47,3.27
000001.SH,20100907,2.47,3.27
000001.SH,20100908,2.47,3.27
000001.SH,20100909,2.43,3.27
000001.SH,20100910,2.44,3.27
000001.SH,20100913,2.46,3.27
000001.SH,20100914,2.46,3.27
000001.SH,20100915,2.43,3.27
000001.SH,20100916,2.39,3.27
000001.SH,20100917,2.39,3.27
000001.SH,20100920,2.38,3.27
000001.SH,20100921,2.39,3.27
000001.SH,20100927,2.42,3.27
000001.SH,20100928,2.4,3.27
000001.SH,20100929,2.4,3.27
000001.SH,20100930,2.44,3.27
000001.SH,20101008,2.52,3.28
000001.SH,20101011,2.58,3.28
000001.SH,20101012,2.61,3.28
000001.SH,20101013,2.63,3.28
000001.SH,20101014,2.65,3.28
000001.SH,20101015,2.74,3.28
000001.SH,20101018,2.72,3.28
000001.SH,20101019,2.76,3.28
000001.SH,20101020,2.76,3.28
000001.SH,20101021,2.74,3.28
000001.SH,20101022,2.73,3.28
000001.SH,20101025,2.79,3.28
000001.SH,20101026,2.77,3.28
000001.SH,20101027,2.73,3.28
000001.SH,20101028,2.69,3.29
000001.SH,20101029,2.64,3.29
000001.SH,20101101,2.66,3.29
000001.SH,20101102,2.65,3.29
000001.SH,20101103,2.64,3.29
000001.SH,20101104,2.69,3.29
000001.SH,20101105,2.72,3.29
000001.SH,20101108,2.74,3.29
000001.SH,20101109,2.72,3.29
000001.SH,20101110,2.7,3.29
000001.SH,20101111,2.73,3.29
000001.SH,20101112,2.6,3.29
000001.SH,20101115,2.61,3.3
000001.SH,20101116,2.51,3.3
000001.SH,20101117,2.47,3.3
000001.SH,20101118,2.48,3.3
000001.SH,20101119,2.5,3.3
000001.SH,20101122,2.49,3.3
000001.SH,20101123,2.44,3.3
000001.SH,20101124,2.47,3.3
000001.SH,20101125,2.5,3.3
000001.SH,20101126,2.47,3.3
000001.SH,20101129,2.47,3.3
000001.SH,20101130,2.42,3.3
000001.SH,20101201,2.43,3.3
000001.SH,20101202,2.45,3.3
000001.SH,20101203,2.45,3.3
000001.SH,20101206,2.46,3.31
000001.SH,20101207,2.48,3.31
000001.SH,20101208,2.45,3.31
000001.SH,20101209,2.42,3.31
000001.SH,20101210,2.45,3.31
000001.SH,20101213,2.52,3.31
000001.SH,20101214,2.52,3.31
000001.SH,20101215,2.5,3.31
000001.SH,20101216,2.48,3.31
000001.SH,20101217,2.48,3.31
000001.SH,20101220,2.44,3.31
000001.SH,20101221,2.48,3.31
000001.SH,20101222,2.46,3.31
000001.SH,20101223,2.44,3.31
000001.SH,20101224,2.43,3.32
000001.SH,20101227,2.39,3.32
000001.SH,20101228,2.34,3.32
000001.SH,20101229,2.36,3.32
000001.SH,20101230,2.36,3.32
000001.SH,20101231,2.4,3.32
000001.SH,20110104,2.4402,3.32
000001.SH,20110105,2.4277,3.32
000001.SH,20110106,2.4121,3.32
000001.SH,20110107,2.4289,3.32
000001.SH,20110110,2.3918,3.32
000001.SH,20110111,2.4031,3.32
000001.SH,20110112,2.4175,3.32
000001.SH,20110113,2.425,3.32
000001.SH,20110114,2.3957,3.32
000001.SH,20110117,2.3208,3.32
000001.SH,20110118,2.3224,3.32
000001.SH,20110119,2.3615,3.32
000001.SH,20110120,2.2945,3.32
000001.SH,20110121,2.3281,3.33
000001.SH,20110124,2.3122,3.33
000001.SH,20110125,2.2974,3.33
000001.SH,20110126,2.3221,3.33
000001.SH,20110127,2.3602,3.33
000001.SH,20110128,2.3601,3.33
000001.SH,20110131,2.3961,3.33
000001.SH,20110201,2.4026,3.33
000001.SH,20110209,2.3794,3.33
000001.SH,20110210,2.4152,3.33
000001.SH,20110211,2.4227,3.33
000001.SH,20110214,2.4835,3.33
000001.SH,20110215,2.4832,3.33
000001.SH,20110216,2.5011,3.33
000001.SH,20110217,2.5032,3.33
000001.SH,20110218,2.4812,3.33
000001.SH,20110221,2.5055,3.33
000001.SH,20110222,2.4418,3.33
000001.SH,20110223,2.4464,3.33
000001.SH,20110224,2.4584,3.33
000001.SH,20110225,2.4594,3.33
000001.SH,20110228,2.4781,3.33
000001.SH,20110301,2.4902,3.34
000001.SH,20110302,2.4866,3.34
000001.SH,20110303,2.4815,3.34
000001.SH,20110304,2.5143,3.34
000001.SH,20110307,2.5585,3.34
000001.SH,20110308,2.5618,3.34
000001.SH,20110309,2.5636,3.34
000001.SH,20110310,2.5242,3.34
000001.SH,20110311,2.503,3.34
000001.SH,20110314,2.504,3.34
000001.SH,20110315,2.47,3.34
000001.SH,20110316,2.4999,3.34
000001.SH,20110317,2.4727,3.34
000001.SH,20110318,2.4668,3.34
000001.SH,20110321,2.47,3.34
000001.SH,20110322,2.4788,3.34
000001.SH,20110323,2.5019,3.34
000001.SH,20110324,2.5003,3.34
000001.SH,20110325,2.5214,3.35
000001.SH,20110328,2.5144,3.35
000001.SH,20110329,2.4917,3.35
000001.SH,20110330,2.4846,3.35
000001.SH,20110331,2.45,3.35
000001.SH,20110401,2.4796,3.35
000001.SH,20110406,2.5097,3.35
000001.SH,20110407,2.5143,3.35
000001.SH,20110408,2.5302,3.35
000001.SH,20110411,2.5236,3.35
000001.SH,20110412,2.5221,3.35
000001.SH,20110413,2.5447,3.35
000001.SH,20110414,2.5393,3.35
000001.SH,20110415,2.547,3.35
000001.SH,20110418,2.5522,3.35
000001.SH,20110419,2.5003,3.35
000001.SH,20110420,2.5055,3.35
000001.SH,20110421,2.5187,3.35
000001.SH,20110422,2.5026,3.35
000001.SH,20110425,2.4652,3.36
000001.SH,20110426,2.4416,3.36
000001.SH,20110427,2.4313,3.36
000001.SH,20110428,2.3737,3.36
000001.SH,20110429,2.3403,3.36
000001.SH,20110503,2.3463,3.36
000001.SH,20110504,2.2937,3.36
000001.SH,20110505,2.3003,3.36
000001.SH,20110506,2.2924,3.36
000001.SH,20110509,2.2974,3.36
000001.SH,20110510,2.312,3.36
000001.SH,20110511,2.306,3.36
000001.SH,20110512,2.2751,3.36
000001.SH,20110513,2.2984,3.36
000001.SH,20110516,2.2801,3.36
000001.SH,20110517,2.2832,3.36
000001.SH,20110518,2.2997,3.36
000001.SH,20110519,2.2904,3.36
000001.SH,20110520,2.2882,3.36
000001.SH,20110523,2.2228,3.36
000001.SH,20110524,2.2166,3.36
000001.SH,20110525,2.1958,3.36
000001.SH,20110526,2.1939,3.36
000001.SH,20110527,2.175,3.36
000001.SH,20110530,2.176,3.36
000001.SH,20110531,2.204,3.36
000001.SH,20110601,2.2099,3.36
000001.SH,20110602,2.1765,3.36
000001.SH,20110603,2.1977,3.36
000001.SH,20110607,2.2107,3.36
000001.SH,20110608,2.2145,3.36
000001.SH,20110609,2.1816,3.36
000001.SH,20110610,2.1922,3.36
000001.SH,20110613,2.1943,3.36
000001.SH,20110614,2.2165,3.36
000001.SH,20110615,2.2114,3.36
000001.SH,20110616,2.1827,3.36
000001.SH,20110617,2.1721,3.36
000001.SH,20110620,2.1578,3.36
000001.SH,20110621,2.1782,3.36
000001.SH,20110622,2.1832,3.36
000001.SH,20110623,2.2175,3.36
000001.SH,20110624,2.2734,3.36
000001.SH,20110627,2.2828,3.36
000001.SH,20110628,2.2831,3.36
000001.SH,20110629,2.2595,3.36
000001.SH,20110630,2.2853,3.36
000001.SH,20110701,2.28,3.36
000001.SH,20110704,2.32,3.36
000001.SH,20110705,2.32,3.36
000001.SH,20110706,2.32,3.36
000001.SH,20110707,2.3,3.36
000001.SH,20110708,2.31,3.36
000001.SH,20110711,2.31,3.36
000001.SH,20110712,2.27,3.36
000001.SH,20110713,2.3,3.36
000001.SH,20110714,2.31,3.36
000001.SH,20110715,2.32,3.36
000001.SH,20110718,2.32,3.36
000001.SH,20110719,2.3,3.36
000001.SH,20110720,2.29,3.36
000001.SH,20110721,2.27,3.36
000001.SH,20110722,2.28,3.36
000001.SH,20110725,2.21,3.36
000001.SH,20110726,2.22,3.36
000001.SH,20110727,2.24,3.36
000001.SH,20110728,2.22,3.36
000001.SH,20110729,2.22,3.36
000001.SH,20110801,2.22,3.36
000001.SH,20110802,2.2,3.36
000001.SH,20110803,2.2,3.36
000001.SH,20110804,2.2,3.36
000001.SH,20110805,2.15,3.36
000001.SH,20110808,2.07,3.36
000001.SH,20110809,2.07,3.36
000001.SH,20110810,2.09,3.36
000001.SH,20110811,2.11,3.36
000001.SH,20110812,2.12,3.36
000001.SH,20110815,2.15,3.36
000001.SH,20110816,2.13,3.36
000001.SH,20110817,2.12,3.36
000001.SH,20110818,2.09,3.36
000001.SH,20110819,2.06,3.36
000001.SH,20110822,2.04,3.36
000001.SH,20110823,2.07,3.36
000001.SH,20110824,2.06,3.36
000001.SH,20110825,2.11,3.36
000001.SH,20110826,2.08,3.36
000001.SH,20110829,2.05,3.36
000001.SH,20110830,2.04,3.36
000001.SH,20110831,2.04,3.36
000001.SH,20110901,2.04,3.36
000001.SH,20110902,2.01,3.36
000001.SH,20110905,1.98,3.36
000001.SH,20110906,1.97,3.36
000001.SH,20110907,2,3.36
000001.SH,20110908,1.99,3.36
000001.SH,20110909,1.99,3.36
000001.SH,20110913,1.97,3.36
000001.SH,20110914,1.98,3.36
000001.SH,20110915,1.98,3.36
000001.SH,20110916,1.98,3.36
000001.SH,20110919,1.95,3.36
000001.SH,20110920,1.96,3.36
000001.SH,20110921,2.01,3.36
000001.SH,20110922,1.96,3.36
000001.SH,20110923,1.95,3.36
000001.SH,20110926,1.91,3.36
000001.SH,20110927,1.93,3.36
000001.SH,20110928,1.92,3.36
000001.SH,20110929,1.9,3.36
000001.SH,20110930,1.89,3.36
000001.SH,20111010,1.89,3.36
000001.SH,20111011,1.89,3.36
000001.SH,20111012,1.95,3.36
000001.SH,20111013,1.96,3.36
000001.SH,20111014,1.96,3.36
000001.SH,20111017,1.96,3.36
000001.SH,20111018,1.92,3.36
000001.SH,20111019,1.92,3.36
000001.SH,20111020,1.88,3.35
000001.SH,20111021,1.87,3.35
000001.SH,20111024,1.91,3.35
000001.SH,20111025,1.94,3.35
000001.SH,20111026,1.95,3.35
000001.SH,20111027,1.95,3.35
000001.SH,20111028,1.95,3.35
000001.SH,20111031,1.93,3.35
000001.SH,20111101,1.93,3.35
000001.SH,20111102,1.96,3.35
000001.SH,20111103,1.96,3.35
000001.SH,20111104,1.97,3.35
000001.SH,20111107,1.96,3.35
000001.SH,20111108,1.96,3.35
000001.SH,20111109,1.97,3.35
000001.SH,20111110,1.93,3.35
000001.SH,20111111,1.94,3.35
000001.SH,20111114,1.97,3.35
000001.SH,20111115,1.97,3.35
000001.SH,20111116,1.93,3.35
000001.SH,20111117,1.92,3.35
000001.SH,20111118,1.89,3.35
000001.SH,20111121,1.89,3.35
000001.SH,20111122,1.88,3.35
000001.SH,20111123,1.87,3.35
000001.SH,20111124,1.88,3.35
000001.SH,20111125,1.86,3.35
000001.SH,20111128,1.86,3.35
000001.SH,20111129,1.88,3.35
000001.SH,20111130,1.83,3.35
000001.SH,20111201,1.87,3.34
000001.SH,20111202,1.85,3.34
000001.SH,20111205,1.83,3.34
000001.SH,20111206,1.83,3.34
000001.SH,20111207,1.83,3.34
000001.SH,20111208,1.83,3.34
000001.SH,20111209,1.82,3.34
000001.SH,20111212,1.8,3.34
000001.SH,20111213,1.77,3.34
000001.SH,20111214,1.76,3.34
000001.SH,20111215,1.72,3.34
000001.SH,20111216,1.75,3.34
000001.SH,20111219,1.75,3.34
000001.SH,20111220,1.74,3.34
000001.SH,20111221,1.73,3.34
000001.SH,20111222,1.72,3.33
000001.SH,20111223,1.74,3.33
000001.SH,20111226,1.73,3.33
000001.SH,20111227,1.71,3.33
000001.SH,20111228,1.71,3.33
000001.SH,20111229,1.71,3.33
000001.SH,20111230,1.73,3.33
000001.SH,20120104,1.71,3.33
000001.SH,20120105,1.7,3.33
000001.SH,20120106,1.71,3.33
000001.SH,20120109,1.76,3.32
000001.SH,20120110,1.8,3.32
000001.SH,20120111,1.8,3.32
000001.SH,20120112,1.8,3.32
000001.SH,20120113,1.77,3.32
000001.SH,20120116,1.74,3.32
000001.SH,20120117,1.81,3.32
000001.SH,20120118,1.79,3.32
000001.SH,20120119,1.81,3.31
000001.SH,20120120,1.83,3.31
000001.SH,20120130,1.8,3.31
000001.SH,20120131,1.81,3.31
000001.SH,20120201,1.79,3.31
000001.SH,20120202,1.82,3.31
000001.SH,20120203,1.84,3.31
000001.SH,20120206,1.84,3.3
000001.SH,20120207,1.81,3.3
000001.SH,20120208,1.85,3.3
000001.SH,20120209,1.85,3.3
000001.SH,20120210,1.85,3.3
000001.SH,20120213,1.85,3.3
000001.SH,20120214,1.84,3.3
000001.SH,20120215,1.86,3.29
000001.SH,20120216,1.85,3.29
000001.SH,20120217,1.85,3.29
000001.SH,20120220,1.86,3.29
000001.SH,20120221,1.87,3.29
000001.SH,20120222,1.89,3.29
000001.SH,20120223,1.89,3.29
000001.SH,20120224,1.91,3.28
000001.SH,20120227,1.92,3.28
000001.SH,20120228,1.92,3.28
000001.SH,20120229,1.9,3.28
000001.SH,20120301,1.9,3.28
000001.SH,20120302,1.93,3.28
000001.SH,20120305,1.91,3.27
000001.SH,20120306,1.89,3.27
000001.SH,20120307,1.88,3.27
000001.SH,20120308,1.89,3.27
000001.SH,20120309,1.91,3.27
000001.SH,20120312,1.9,3.27
000001.SH,20120313,1.92,3.27
000001.SH,20120314,1.87,3.26
000001.SH,20120315,1.86,3.26
000001.SH,20120316,1.88,3.26
000001.SH,20120319,1.88,3.26
000001.SH,20120320,1.85,3.26
000001.SH,20120321,1.85,3.26
000001.SH,20120322,1.85,3.25
000001.SH,20120323,1.82,3.25
000001.SH,20120326,1.81,3.25
000001.SH,20120327,1.81,3.25
000001.SH,20120328,1.76,3.25
000001.SH,20120329,1.73,3.25
000001.SH,20120330,1.73,3.24
000001.SH,20120405,1.75,3.24
000001.SH,20120406,1.75,3.24
000001.SH,20120409,1.73,3.24
000001.SH,20120410,1.75,3.24
000001.SH,20120411,1.75,3.23
000001.SH,20120412,1.78,3.23
000001.SH,20120413,1.79,3.23
000001.SH,20120416,1.79,3.23
000001.SH,20120417,1.77,3.23
000001.SH,20120418,1.8,3.22
000001.SH,20120419,1.8,3.22
000001.SH,20120420,1.82,3.22
000001.SH,20120423,1.81,3.22
000001.SH,20120424,1.81,3.22
000001.SH,20120425,1.82,3.21
000001.SH,20120426,1.81,3.21
000001.SH,20120427,1.78,3.21
000001.SH,20120502,1.77,3.21
000001.SH,20120503,1.77,3.2
000001.SH,20120504,1.78,3.2
000001.SH,20120507,1.78,3.2
000001.SH,20120508,1.77,3.2
000001.SH,20120509,1.75,3.2
000001.SH,20120510,1.75,3.19
000001.SH,20120511,1.74,3.19
000001.SH,20120514,1.73,3.19
000001.SH,20120515,1.72,3.19
000001.SH,20120516,1.7,3.18
000001.SH,20120517,1.72,3.18
000001.SH,20120518,1.7,3.18
000001.SH,20120521,1.7,3.18
000001.SH,20120522,1.72,3.17
000001.SH,20120523,1.71,3.17
000001.SH,20120524,1.7,3.17
000001.SH,20120525,1.69,3.17
000001.SH,20120528,1.71,3.16
000001.SH,20120529,1.73,3.16
000001.SH,20120530,1.73,3.16
000001.SH,20120531,1.72,3.15
000001.SH,20120601,1.72,3.15
000001.SH,20120604,1.68,3.15
000001.SH,20120605,1.68,3.15
000001.SH,20120606,1.68,3.14
000001.SH,20120607,1.68,3.14
000001.SH,20120608,1.67,3.14
000001.SH,20120611,1.69,3.14
000001.SH,20120612,1.68,3.13
000001.SH,20120613,1.71,3.13
000001.SH,20120614,1.7,3.13
000001.SH,20120615,1.71,3.13
000001.SH,20120618,1.72,3.12
000001.SH,20120619,1.71,3.12
000001.SH,20120620,1.71,3.12
000001.SH,20120621,1.69,3.12
000001.SH,20120625,1.66,3.11
000001.SH,20120626,1.67,3.11
000001.SH,20120627,1.66,3.11
000001.SH,20120628,1.65,3.11
000001.SH,20120629,1.67,3.1
000001.SH,20120702,1.67,3.1
000001.SH,20120703,1.67,3.1
000001.SH,20120704,1.67,3.09
000001.SH,20120705,1.65,3.09
000001.SH,20120706,1.67,3.09
000001.SH,20120709,1.63,3.09
000001.SH,20120710,1.63,3.09
000001.SH,20120711,1.64,3.08
000001.SH,20120712,1.64,3.08
000001.SH,20120713,1.64,3.08
000001.SH,20120716,1.62,3.08
000001.SH,20120717,1.63,3.07
000001.SH,20120718,1.63,3.07
000001.SH,20120719,1.65,3.07
000001.SH,20120720,1.63,3.06
000001.SH,20120723,1.61,3.06
000001.SH,20120724,1.61,3.06
000001.SH,20120725,1.61,3.06
000001.SH,20120726,1.6,3.05
000001.SH,20120727,1.6,3.05
000001.SH,20120730,1.59,3.05
000001.SH,20120731,1.59,3.05
000001.SH,20120801,1.6,3.04
000001.SH,20120802,1.6,3.04
000001.SH,20120803,1.61,3.04
000001.SH,20120806,1.63,3.03
000001.SH,20120807,1.63,3.03
000001.SH,20120808,1.63,3.03
000001.SH,20120809,1.64,3.02
000001.SH,20120810,1.63,3.02
000001.SH,20120813,1.61,3.02
000001.SH,20120814,1.61,3.01
000001.SH,20120815,1.59,3.01
000001.SH,20120816,1.59,3.01
000001.SH,20120817,1.59,3
000001.SH,20120820,1.58,3
000001.SH,20120821,1.59,3
000001.SH,20120822,1.58,2.99
000001.SH,20120823,1.58,2.99
000001.SH,20120824,1.56,2.99
000001.SH,20120827,1.52,2.98
000001.SH,20120828,1.53,2.98
000001.SH,20120829,1.51,2.97
000001.SH,20120830,1.5,2.97
000001.SH,20120831,1.49,2.97
000001.SH,20120903,1.49,2.96
000001.SH,20120904,1.48,2.96
000001.SH,20120905,1.48,2.96
000001.SH,20120906,1.49,2.95
000001.SH,20120907,1.54,2.95
000001.SH,20120910,1.54,2.94
000001.SH,20120911,1.53,2.94
000001.SH,20120912,1.54,2.94
000001.SH,20120913,1.52,2.93
000001.SH,20120914,1.54,2.93
000001.SH,20120917,1.5,2.92
000001.SH,20120918,1.49,2.92
000001.SH,20120919,1.5,2.92
000001.SH,20120920,1.47,2.91
000001.SH,20120921,1.47,2.91
000001.SH,20120924,1.48,2.91
000001.SH,20120925,1.47,2.9
000001.SH,20120926,1.46,2.9
000001.SH,20120927,1.49,2.89
000001.SH,20120928,1.52,2.89
000001.SH,20121008,1.51,2.88
000001.SH,20121009,1.54,2.88
000001.SH,20121010,1.54,2.88
000001.SH,20121011,1.53,2.87
000001.SH,20121012,1.53,2.87
000001.SH,20121015,1.53,2.86
000001.SH,20121016,1.53,2.86
000001.SH,20121017,1.53,2.86
000001.SH,20121018,1.55,2.85
000001.SH,20121019,1.55,2.85
000001.SH,20121022,1.55,2.84
000001.SH,20121023,1.54,2.84
000001.SH,20121024,1.54,2.83
000001.SH,20121025,1.53,2.83
000001.SH,20121026,1.5,2.82
000001.SH,20121029,1.48,2.82
000001.SH,20121030,1.48,2.82
000001.SH,20121031,1.46,2.81
000001.SH,20121101,1.49,2.81
000001.SH,20121102,1.5,2.8
000001.SH,20121105,1.49,2.8
000001.SH,20121106,1.49,2.79
000001.SH,20121107,1.49,2.79
000001.SH,20121108,1.47,2.79
000001.SH,20121109,1.47,2.78
000001.SH,20121112,1.47,2.78
000001.SH,20121113,1.45,2.77
000001.SH,20121114,1.46,2.77
000001.SH,20121115,1.44,2.77
000001.SH,20121116,1.43,2.76
000001.SH,20121119,1.43,2.76
000001.SH,20121120,1.42,2.75
000001.SH,20121121,1.44,2.75
000001.SH,20121122,1.43,2.75
000001.SH,20121123,1.43,2.74
000001.SH,20121126,1.43,2.74
000001.SH,20121127,1.41,2.73
000001.SH,20121128,1.4,2.73
000001.SH,20121129,1.39,2.73
000001.SH,20121130,1.41,2.72
000001.SH,20121203,1.39,2.72
000001.SH,20121204,1.4,2.71
000001.SH,20121205,1.44,2.71
000001.SH,20121206,1.44,2.71
000001.SH,20121207,1.46,2.7
000001.SH,20121210,1.48,2.7
000001.SH,20121211,1.47,2.69
000001.SH,20121212,1.48,2.69
000001.SH,20121213,1.46,2.69
000001.SH,20121214,1.53,2.68
000001.SH,20121217,1.53,2.68
000001.SH,20121218,1.54,2.67
000001.SH,20121219,1.53,2.67
000001.SH,20121220,1.54,2.67
000001.SH,20121221,1.53,2.66
000001.SH,20121224,1.53,2.66
000001.SH,20121225,1.57,2.65
000001.SH,20121226,1.57,2.65
000001.SH,20121227,1.56,2.65
000001.SH,20121228,1.58,2.64
000001.SH,20121231,1.61,2.64
000001.SH,20130104,1.61,2.63
000001.SH,20130107,1.62,2.63
000001.SH,20130108,1.61,2.63
000001.SH,20130109,1.61,2.62
000001.SH,20130110,1.61,2.62
000001.SH,20130111,1.59,2.61
000001.SH,20130114,1.63,2.61
000001.SH,20130115,1.64,2.61
000001.SH,20130116,1.63,2.6
000001.SH,20130117,1.61,2.6
000001.SH,20130118,1.63,2.59
000001.SH,20130121,1.64,2.59
000001.SH,20130122,1.63,2.59
000001.SH,20130123,1.63,2.58
000001.SH,20130124,1.62,2.58
000001.SH,20130125,1.61,2.57
000001.SH,20130128,1.65,2.57
000001.SH,20130129,1.66,2.57
000001.SH,20130130,1.68,2.56
000001.SH,20130131,1.68,2.56
000001.SH,20130201,1.71,2.56
000001.SH,20130204,1.71,2.55
000001.SH,20130205,1.71,2.55
000001.SH,20130206,1.72,2.55
000001.SH,20130207,1.7,2.55
000001.SH,20130208,1.71,2.54
000001.SH,20130218,1.7,2.54
000001.SH,20130219,1.68,2.54
000001.SH,20130220,1.68,2.53
000001.SH,20130221,1.63,2.53
000001.SH,20130222,1.62,2.53
000001.SH,20130225,1.63,2.52
000001.SH,20130226,1.61,2.52
000001.SH,20130227,1.62,2.52
000001.SH,20130228,1.66,2.51
000001.SH,20130301,1.65,2.51
000001.SH,20130304,1.59,2.51
000001.SH,20130305,1.63,2.51
000001.SH,20130306,1.64,2.5
000001.SH,20130307,1.63,2.5
000001.SH,20130308,1.62,2.5
000001.SH,20130311,1.62,2.49
000001.SH,20130312,1.6,2.49
000001.SH,20130313,1.59,2.49
000001.SH,20130314,1.59,2.48
000001.SH,20130315,1.6,2.48
000001.SH,20130318,1.57,2.48
000001.SH,20130319,1.58,2.48
000001.SH,20130320,1.62,2.47
000001.SH,20130321,1.63,2.47
000001.SH,20130322,1.63,2.47
000001.SH,20130325,1.62,2.47
000001.SH,20130326,1.59,2.46
000001.SH,20130327,1.59,2.46
000001.SH,20130328,1.54,2.46
000001.SH,20130329,1.53,2.46
000001.SH,20130401,1.53,2.45
000001.SH,20130402,1.53,2.45
000001.SH,20130403,1.53,2.45
000001.SH,20130408,1.52,2.45
000001.SH,20130409,1.53,2.45
000001.SH,20130410,1.53,2.44
000001.SH,20130411,1.52,2.44
000001.SH,20130412,1.51,2.44
000001.SH,20130415,1.5,2.44
000001.SH,20130416,1.51,2.43
000001.SH,20130417,1.5,2.43
000001.SH,20130418,1.51,2.43
000001.SH,20130419,1.54,2.43
000001.SH,20130422,1.53,2.43
000001.SH,20130423,1.49,2.42
000001.SH,20130424,1.51,2.42
000001.SH,20130425,1.5,2.42
000001.SH,20130426,1.47,2.42
000001.SH,20130502,1.43,2.42
000001.SH,20130503,1.45,2.41
000001.SH,20130506,1.47,2.41
000001.SH,20130507,1.47,2.41
000001.SH,20130508,1.48,2.41
000001.SH,20130509,1.47,2.41
000001.SH,20130510,1.48,2.4
000001.SH,20130513,1.48,2.4
000001.SH,20130514,1.46,2.4
000001.SH,20130515,1.46,2.4
000001.SH,20130516,1.48,2.39
000001.SH,20130517,1.5,2.39
000001.SH,20130520,1.51,2.39
000001.SH,20130521,1.52,2.39
000001.SH,20130522,1.51,2.39
000001.SH,20130523,1.5,2.38
000001.SH,20130524,1.5,2.38
000001.SH,20130527,1.51,2.38
000001.SH,20130528,1.53,2.38
000001.SH,20130529,1.53,2.37
000001.SH,20130530,1.52,2.37
000001.SH,20130531,1.51,2.37
000001.SH,20130603,1.51,2.37
000001.SH,20130604,1.5,2.37
000001.SH,20130605,1.5,2.36
000001.SH,20130606,1.48,2.36
000001.SH,20130607,1.46,2.36
000001.SH,20130613,1.43,2.36
000001.SH,20130614,1.43,2.36
000001.SH,20130617,1.43,2.35
000001.SH,20130618,1.44,2.35
000001.SH,20130619,1.43,2.35
000001.SH,20130620,1.39,2.35
000001.SH,20130621,1.38,2.35
000001.SH,20130624,1.31,2.34
000001.SH,20130625,1.31,2.34
000001.SH,20130626,1.31,2.34
000001.SH,20130627,1.32,2.34
000001.SH,20130628,1.34,2.34
000001.SH,20130701,1.36,2.33
000001.SH,20130702,1.36,2.33
000001.SH,20130703,1.36,2.33
000001.SH,20130704,1.36,2.33
000001.SH,20130705,1.37,2.33
000001.SH,20130708,1.34,2.33
000001.SH,20130709,1.34,2.32
000001.SH,20130710,1.37,2.32
000001.SH,20130711,1.42,2.32
000001.SH,20130712,1.39,2.32
000001.SH,20130715,1.4,2.32
000001.SH,20130716,1.41,2.32
000001.SH,20130717,1.39,2.32
000001.SH,20130718,1.38,2.31
000001.SH,20130719,1.36,2.31
000001.SH,20130722,1.37,2.31
000001.SH,20130723,1.39,2.31
000001.SH,20130724,1.39,2.31
000001.SH,20130725,1.38,2.3
000001.SH,20130726,1.37,2.3
000001.SH,20130729,1.35,2.3
000001.SH,20130730,1.36,2.3
000001.SH,20130731,1.36,2.3
000001.SH,20130801,1.39,2.3
000001.SH,20130802,1.39,2.3
000001.SH,20130805,1.4,2.29
000001.SH,20130806,1.4,2.29
000001.SH,20130807,1.4,2.29
000001.SH,20130808,1.39,2.29
000001.SH,20130809,1.4,2.29
000001.SH,20130812,1.43,2.28
000001.SH,20130813,1.43,2.28
000001.SH,20130814,1.43,2.28
000001.SH,20130815,1.42,2.28
000001.SH,20130816,1.41,2.28
000001.SH,20130819,1.42,2.28
000001.SH,20130820,1.4,2.28
000001.SH,20130821,1.4,2.27
000001.SH,20130822,1.4,2.27
000001.SH,20130823,1.39,2.27
000001.SH,20130826,1.4,2.27
000001.SH,20130827,1.41,2.27
000001.SH,20130828,1.4,2.27
000001.SH,20130829,1.39,2.27
000001.SH,20130830,1.38,2.27
000001.SH,20130902,1.38,2.26
000001.SH,20130903,1.39,2.26
000001.SH,20130904,1.4,2.26
000001.SH,20130905,1.4,2.26
000001.SH,20130906,1.41,2.26
000001.SH,20130909,1.46,2.26
000001.SH,20130910,1.47,2.26
000001.SH,20130911,1.47,2.26
000001.SH,20130912,1.49,2.25
000001.SH,20130913,1.47,2.25
000001.SH,20130916,1.47,2.25
000001.SH,20130917,1.44,2.25
000001.SH,20130918,1.44,2.25
000001.SH,20130923,1.46,2.25
000001.SH,20130924,1.45,2.25
000001.SH,20130925,1.45,2.25
000001.SH,20130926,1.42,2.25
000001.SH,20130927,1.42,2.25
000001.SH,20130930,1.43,2.25
000001.SH,20131008,1.44,2.24
000001.SH,20131009,1.45,2.24
000001.SH,20131010,1.44,2.24
000001.SH,20131011,1.46,2.24
000001.SH,20131014,1.47,2.24
000001.SH,20131015,1.46,2.24
000001.SH,20131016,1.44,2.24
000001.SH,20131017,1.44,2.24
000001.SH,20131018,1.44,2.24
000001.SH,20131021,1.46,2.24
000001.SH,20131022,1.45,2.24
000001.SH,20131023,1.43,2.23
000001.SH,20131024,1.42,2.23
000001.SH,20131025,1.4,2.23
000001.SH,20131028,1.39,2.23
000001.SH,20131029,1.39,2.23
000001.SH,20131030,1.39,2.23
000001.SH,20131031,1.36,2.23
000001.SH,20131101,1.37,2.23
000001.SH,20131104,1.37,2.23
000001.SH,20131105,1.37,2.23
000001.SH,20131106,1.36,2.23
000001.SH,20131107,1.36,2.23
000001.SH,20131108,1.34,2.23
000001.SH,20131111,1.34,2.23
000001.SH,20131112,1.35,2.22
000001.SH,20131113,1.33,2.22
000001.SH,20131114,1.34,2.22
000001.SH,20131115,1.36,2.22
000001.SH,20131118,1.4,2.22
000001.SH,20131119,1.39,2.22
000001.SH,20131120,1.4,2.22
000001.SH,20131121,1.4,2.22
000001.SH,20131122,1.4,2.22
000001.SH,20131125,1.39,2.22
000001.SH,20131126,1.39,2.22
000001.SH,20131127,1.4,2.22
000001.SH,20131128,1.41,2.22
000001.SH,20131129,1.41,2.22
000001.SH,20131202,1.41,2.22
000001.SH,20131203,1.41,2.22
000001.SH,20131204,1.43,2.21
000001.SH,20131205,1.43,2.21
000001.SH,20131206,1.42,2.21
000001.SH,20131209,1.42,2.21
000001.SH,20131210,1.42,2.21
000001.SH,20131211,1.4,2.21
000001.SH,20131212,1.4,2.21
000001.SH,20131213,1.39,2.21
000001.SH,20131216,1.37,2.21
000001.SH,20131217,1.37,2.21
000001.SH,20131218,1.36,2.21
000001.SH,20131219,1.35,2.21
000001.SH,20131220,1.32,2.21
000001.SH,20131223,1.33,2.21
000001.SH,20131224,1.33,2.21
000001.SH,20131225,1.34,2.2
000001.SH,20131226,1.32,2.2
000001.SH,20131227,1.33,2.2
000001.SH,20131230,1.33,2.2
000001.SH,20131231,1.34,2.2
000001.SH,20140102,1.34,2.2
000001.SH,20140103,1.32,2.2
000001.SH,20140106,1.3,2.2
000001.SH,20140107,1.3,2.2
000001.SH,20140108,1.3,2.2
000001.SH,20140109,1.28,2.2
000001.SH,20140110,1.28,2.2
000001.SH,20140113,1.28,2.2
000001.SH,20140114,1.29,2.19
000001.SH,20140115,1.28,2.19
000001.SH,20140116,1.28,2.19
000001.SH,20140117,1.27,2.19
000001.SH,20140120,1.26,2.19
000001.SH,20140121,1.27,2.19
000001.SH,20140122,1.3,2.19
000001.SH,20140123,1.29,2.19
000001.SH,20140124,1.3,2.19
000001.SH,20140127,1.28,2.19
000001.SH,20140128,1.29,2.19
000001.SH,20140129,1.3,2.19
000001.SH,20140130,1.28,2.19
000001.SH,20140207,1.29,2.19
000001.SH,20140210,1.32,2.18
000001.SH,20140211,1.33,2.18
000001.SH,20140212,1.33,2.18
000001.SH,20140213,1.33,2.18
000001.SH,20140214,1.34,2.18
000001.SH,20140217,1.35,2.18
000001.SH,20140218,1.33,2.18
000001.SH,20140219,1.35,2.18
000001.SH,20140220,1.35,2.18
000001.SH,20140221,1.33,2.18
000001.SH,20140224,1.31,2.18
000001.SH,20140225,1.29,2.17
000001.SH,20140226,1.29,2.17
000001.SH,20140227,1.3,2.17
000001.SH,20140228,1.3,2.17
000001.SH,20140303,1.31,2.17
000001.SH,20140304,1.31,2.17
000001.SH,20140305,1.3,2.17
000001.SH,20140306,1.3,2.17
000001.SH,20140307,1.3,2.17
000001.SH,20140310,1.26,2.17
000001.SH,20140311,1.27,2.16
000001.SH,20140312,1.26,2.16
000001.SH,20140313,1.28,2.16
000001.SH,20140314,1.27,2.16
000001.SH,20140317,1.28,2.16
000001.SH,20140318,1.28,2.16
000001.SH,20140319,1.28,2.16
000001.SH,20140320,1.26,2.16
000001.SH,20140321,1.29,2.16
000001.SH,20140324,1.3,2.16
000001.SH,20140325,1.3,2.16
000001.SH,20140326,1.3,2.15
000001.SH,20140327,1.29,2.15
000001.SH,20140328,1.28,2.15
000001.SH,20140331,1.27,2.15
000001.SH,20140401,1.28,2.15
000001.SH,20140402,1.28,2.15
000001.SH,20140403,1.27,2.15
000001.SH,20140404,1.28,2.15
000001.SH,20140408,1.31,2.15
000001.SH,20140409,1.31,2.15
000001.SH,20140410,1.33,2.14
000001.SH,20140411,1.33,2.14
000001.SH,20140414,1.33,2.14
000001.SH,20140415,1.31,2.14
000001.SH,20140416,1.31,2.14
000001.SH,20140417,1.31,2.14
000001.SH,20140418,1.3,2.14
000001.SH,20140421,1.28,2.14
000001.SH,20140422,1.29,2.14
000001.SH,20140423,1.29,2.13
000001.SH,20140424,1.28,2.13
000001.SH,20140425,1.26,2.13
000001.SH,20140428,1.22,2.13
000001.SH,20140429,1.23,2.13
000001.SH,20140430,1.22,2.13
000001.SH,20140505,1.22,2.13
000001.SH,20140506,1.22,2.13
000001.SH,20140507,1.21,2.12
000001.SH,20140508,1.21,2.12
000001.SH,20140509,1.21,2.12
000001.SH,20140512,1.23,2.12
000001.SH,20140513,1.23,2.12
000001.SH,20140514,1.23,2.12
000001.SH,20140515,1.22,2.12
000001.SH,20140516,1.22,2.12
000001.SH,20140519,1.21,2.11
000001.SH,20140520,1.21,2.11
000001.SH,20140521,1.22,2.11
000001.SH,20140522,1.22,2.11
000001.SH,20140523,1.23,2.11
000001.SH,20140526,1.23,2.11
000001.SH,20140527,1.22,2.11
000001.SH,20140528,1.23,2.11
000001.SH,20140529,1.23,2.1
000001.SH,20140530,1.23,2.1
000001.SH,20140603,1.23,2.1
000001.SH,20140604,1.22,2.1
000001.SH,20140605,1.23,2.1
000001.SH,20140606,1.23,2.1
000001.SH,20140609,1.23,2.1
000001.SH,20140610,1.24,2.1
000001.SH,20140611,1.24,2.09
000001.SH,20140612,1.24,2.09
000001.SH,20140613,1.25,2.09
000001.SH,20140616,1.26,2.09
000001.SH,20140617,1.25,2.09
000001.SH,20140618,1.25,2.09
000001.SH,20140619,1.23,2.09
000001.SH,20140620,1.25,2.08
000001.SH,20140623,1.25,2.08
000001.SH,20140624,1.26,2.08
000001.SH,20140625,1.25,2.08
000001.SH,20140626,1.26,2.08
000001.SH,20140627,1.26,2.08
000001.SH,20140630,1.27,2.08
000001.SH,20140701,1.27,2.07
000001.SH,20140702,1.28,2.07
000001.SH,20140703,1.29,2.07
000001.SH,20140704,1.28,2.07
000001.SH,20140707,1.29,2.07
000001.SH,20140708,1.29,2.07
000001.SH,20140709,1.27,2.06
000001.SH,20140710,1.27,2.06
000001.SH,20140711,1.28,2.06
000001.SH,20140714,1.3,2.06
000001.SH,20140715,1.3,2.06
000001.SH,20140716,1.3,2.06
000001.SH,20140717,1.29,2.05
000001.SH,20140718,1.3,2.05
000001.SH,20140721,1.29,2.05
000001.SH,20140722,1.31,2.05
000001.SH,20140723,1.31,2.05
000001.SH,20140724,1.33,2.05
000001.SH,20140725,1.34,2.04
000001.SH,20140728,1.38,2.04
000001.SH,20140729,1.38,2.04
000001.SH,20140730,1.38,2.04
000001.SH,20140731,1.39,2.04
000001.SH,20140801,1.38,2.03
000001.SH,20140804,1.4,2.03
000001.SH,20140805,1.4,2.03
000001.SH,20140806,1.4,2.03
000001.SH,20140807,1.38,2.03
000001.SH,20140808,1.38,2.02
000001.SH,20140811,1.4,2.02
000001.SH,20140812,1.4,2.02
000001.SH,20140813,1.4,2.02
000001.SH,20140814,1.39,2.02
000001.SH,20140815,1.4,2.02
000001.SH,20140818,1.41,2.01
000001.SH,20140819,1.41,2.01
000001.SH,20140820,1.38,2.01
000001.SH,20140821,1.38,2.01
000001.SH,20140822,1.38,2.01
000001.SH,20140825,1.37,2
000001.SH,20140826,1.36,2
000001.SH,20140827,1.35,2
000001.SH,20140828,1.34,2
000001.SH,20140829,1.33,2
000001.SH,20140901,1.34,2
000001.SH,20140902,1.36,1.99
000001.SH,20140903,1.37,1.99
000001.SH,20140904,1.38,1.99
000001.SH,20140905,1.39,1.99
000001.SH,20140909,1.39,1.99
000001.SH,20140910,1.39,1.99
000001.SH,20140911,1.38,1.99
000001.SH,20140912,1.39,1.98
000001.SH,20140915,1.4,1.98
000001.SH,20140916,1.38,1.98
000001.SH,20140917,1.38,1.98
000001.SH,20140918,1.39,1.98
000001.SH,20140919,1.4,1.98
000001.SH,20140922,1.38,1.98
000001.SH,20140923,1.39,1.98
000001.SH,20140924,1.41,1.97
000001.SH,20140925,1.41,1.97
000001.SH,20140926,1.41,1.97
000001.SH,20140929,1.42,1.97
000001.SH,20140930,1.42,1.97
000001.SH,20141008,1.43,1.97
000001.SH,20141009,1.43,1.96
000001.SH,20141010,1.42,1.96
000001.SH,20141013,1.42,1.96
000001.SH,20141014,1.41,1.96
000001.SH,20141015,1.42,1.96
000001.SH,20141016,1.41,1.96
000001.SH,20141017,1.41,1.96
000001.SH,20141020,1.41,1.96
000001.SH,20141021,1.4,1.95
000001.SH,20141022,1.4,1.95
000001.SH,20141023,1.38,1.95
000001.SH,20141024,1.37,1.95
000001.SH,20141027,1.36,1.95
000001.SH,20141028,1.38,1.95
000001.SH,20141029,1.4,1.95
000001.SH,20141030,1.39,1.94
000001.SH,20141031,1.39,1.94
000001.SH,20141103,1.4,1.94
000001.SH,20141104,1.4,1.94
000001.SH,20141105,1.39,1.94
000001.SH,20141106,1.39,1.94
000001.SH,20141107,1.39,1.93
000001.SH,20141110,1.42,1.93
000001.SH,20141111,1.43,1.93
000001.SH,20141112,1.44,1.93
000001.SH,20141113,1.43,1.93
000001.SH,20141114,1.42,1.93
000001.SH,20141117,1.41,1.93
000001.SH,20141118,1.41,1.92
000001.SH,20141119,1.41,1.92
000001.SH,20141120,1.41,1.92
000001.SH,20141121,1.43,1.92
000001.SH,20141124,1.46,1.92
000001.SH,20141125,1.48,1.92
000001.SH,20141126,1.5,1.92
000001.SH,20141127,1.52,1.91
000001.SH,20141128,1.55,1.91
000001.SH,20141201,1.55,1.91
000001.SH,20141202,1.6,1.91
000001.SH,20141203,1.61,1.91
000001.SH,20141204,1.68,1.91
000001.SH,20141205,1.71,1.91
000001.SH,20141208,1.76,1.9
000001.SH,20141209,1.66,1.9
000001.SH,20141210,1.7,1.9
000001.SH,20141211,1.69,1.9
000001.SH,20141212,1.69,1.9
000001.SH,20141215,1.7,1.9
000001.SH,20141216,1.74,1.9
000001.SH,20141217,1.77,1.89
000001.SH,20141218,1.77,1.89
000001.SH,20141219,1.8,1.89
000001.SH,20141222,1.82,1.89
000001.SH,20141223,1.77,1.89
000001.SH,20141224,1.72,1.89
000001.SH,20141225,1.79,1.89
000001.SH,20141226,1.84,1.89
000001.SH,20141229,1.85,1.88
000001.SH,20141230,1.85,1.88
000001.SH,20141231,1.91,1.88
000001.SH,20150105,1.96,1.88
000001.SH,20150106,1.95,1.88
000001.SH,20150107,1.96,1.88
000001.SH,20150108,1.91,1.88
000001.SH,20150109,1.91,1.88
000001.SH,20150112,1.88,1.88
000001.SH,20150113,1.88,1.87
000001.SH,20150114,1.88,1.87
000001.SH,20150115,1.95,1.87
000001.SH,20150116,1.97,1.87
000001.SH,20150119,1.81,1.87
000001.SH,20150120,1.84,1.87
000001.SH,20150121,1.93,1.87
000001.SH,20150122,1.94,1.87
000001.SH,20150123,1.95,1.87
000001.SH,20150126,1.96,1.86
000001.SH,20150127,1.94,1.86
000001.SH,20150128,1.91,1.86
000001.SH,20150129,1.88,1.86
000001.SH,20150130,1.85,1.86
000001.SH,20150202,1.8,1.86
000001.SH,20150203,1.85,1.86
000001.SH,20150204,1.83,1.86
000001.SH,20150205,1.81,1.86
000001.SH,20150206,1.77,1.85
000001.SH,20150209,1.8,1.85
000001.SH,20150210,1.83,1.85
000001.SH,20150211,1.84,1.85
000001.SH,20150212,1.85,1.85
000001.SH,20150213,1.86,1.85
000001.SH,20150216,1.87,1.85
000001.SH,20150217,1.89,1.85
000001.SH,20150225,1.87,1.85
000001.SH,20150226,1.92,1.85
000001.SH,20150227,1.92,1.84
000001.SH,20150302,1.94,1.84
000001.SH,20150303,1.89,1.84
000001.SH,20150304,1.9,1.84
000001.SH,20150305,1.88,1.84
000001.SH,20150306,1.87,1.84
000001.SH,20150309,1.91,1.84
000001.SH,20150310,1.9,1.84
000001.SH,20150311,1.91,1.84
000001.SH,20150312,1.95,1.84
000001.SH,20150313,1.96,1.83
000001.SH,20150316,2,1.83
000001.SH,20150317,2.03,1.83
000001.SH,20150318,2.07,1.83
000001.SH,20150319,2.07,1.83
000001.SH,20150320,2.09,1.83
000001.SH,20150323,2.13,1.83
000001.SH,20150324,2.13,1.83
000001.SH,20150325,2.1,1.83
000001.SH,20150326,2.11,1.83
000001.SH,20150327,2.1,1.83
000001.SH,20150330,2.15,1.83
000001.SH,20150331,2.12,1.83
000001.SH,20150401,2.16,1.82
000001.SH,20150402,2.17,1.82
000001.SH,20150403,2.18,1.82
000001.SH,20150407,2.25,1.82
000001.SH,20150408,2.27,1.82
000001.SH,20150409,2.25,1.82
000001.SH,20150410,2.29,1.82
000001.SH,20150413,2.34,1.82
000001.SH,20150414,2.34,1.82
000001.SH,20150415,2.32,1.82
000001.SH,20150416,2.38,1.82
000001.SH,20150417,2.43,1.82
000001.SH,20150420,2.39,1.82
000001.SH,20150421,2.43,1.82
000001.SH,20150422,2.48,1.82
000001.SH,20150423,2.49,1.81
000001.SH,20150424,2.47,1.81
000001.SH,20150427,2.54,1.81
000001.SH,20150428,2.52,1.81
000001.SH,20150429,2.48,1.81
000001.SH,20150430,2.4,1.81
000001.SH,20150504,2.42,1.81
000001.SH,20150505,2.32,1.81
000001.SH,20150506,2.28,1.81
000001.SH,20150507,2.22,1.81
000001.SH,20150508,2.27,1.81
000001.SH,20150511,2.34,1.81
000001.SH,20150512,2.37,1.81
000001.SH,20150513,2.36,1.81
000001.SH,20150514,2.36,1.81
000001.SH,20150515,2.32,1.81
000001.SH,20150518,2.3,1.81
000001.SH,20150519,2.37,1.81
000001.SH,20150520,2.37,1.81
000001.SH,20150521,2.41,1.81
000001.SH,20150522,2.48,1.81
000001.SH,20150525,2.56,1.81
000001.SH,20150526,2.61,1.81
000001.SH,20150527,2.62,1.81
000001.SH,20150528,2.45,1.81
000001.SH,20150529,2.45,1.81
000001.SH,20150601,2.59,1.81
000001.SH,20150602,2.63,1.81
000001.SH,20150603,2.63,1.81
000001.SH,20150604,2.65,1.81
000001.SH,20150605,2.69,1.81
000001.SH,20150608,2.76,1.81
000001.SH,20150609,2.75,1.81
000001.SH,20150610,2.74,1.81
000001.SH,20150611,2.75,1.81
000001.SH,20150612,2.77,1.81
000001.SH,20150615,2.72,1.81
000001.SH,20150616,2.63,1.81
000001.SH,20150617,2.67,1.81
000001.SH,20150618,2.57,1.81
000001.SH,20150619,2.41,1.81
000001.SH,20150623,2.48,1.81
000001.SH,20150624,2.54,1.81
000001.SH,20150625,2.46,1.81
000001.SH,20150626,2.28,1.81
000001.SH,20150629,2.22,1.81
000001.SH,20150630,2.35,1.81
000001.SH,20150701,2.23,1.81
000001.SH,20150702,2.17,1.81
000001.SH,20150703,2.06,1.81
000001.SH,20150706,2.12,1.81
000001.SH,20150707,2.13,1.81
000001.SH,20150708,2,1.81
000001.SH,20150709,2.11,1.81
000001.SH,20150710,2.21,1.81
000001.SH,20150713,2.25,1.81
000001.SH,20150714,2.22,1.81
000001.SH,20150715,2.16,1.81
000001.SH,20150716,2.17,1.81
000001.SH,20150717,2.24,1.81
000001.SH,20150720,2.25,1.81
000001.SH,20150721,2.26,1.81
000001.SH,20150722,2.27,1.81
000001.SH,20150723,2.32,1.81
000001.SH,20150724,2.29,1.81
000001.SH,20150727,2.1,1.81
000001.SH,20150728,2.07,1.81
000001.SH,20150729,2.13,1.81
000001.SH,20150730,2.08,1.81
000001.SH,20150731,2.06,1.81
000001.SH,20150803,2.04,1.8
000001.SH,20150804,2.11,1.8
000001.SH,20150805,2.07,1.8
000001.SH,20150806,2.06,1.8
000001.SH,20150807,2.1,1.8
000001.SH,20150810,2.2,1.8
000001.SH,20150811,2.2,1.8
000001.SH,20150812,2.17,1.8
000001.SH,20150813,2.21,1.8
000001.SH,20150814,2.21,1.8
000001.SH,20150817,2.23,1.8
000001.SH,20150818,2.09,1.8
000001.SH,20150819,2.11,1.8
000001.SH,20150820,2.04,1.8
000001.SH,20150821,1.96,1.8
000001.SH,20150824,1.79,1.8
000001.SH,20150825,1.65,1.8
000001.SH,20150826,1.64,1.8
000001.SH,20150827,1.72,1.8
000001.SH,20150828,1.78,1.8
000001.SH,20150831,1.75,1.8
000001.SH,20150901,1.74,1.8
000001.SH,20150902,1.74,1.8
000001.SH,20150907,1.69,1.8
000001.SH,20150908,1.73,1.79
000001.SH,20150909,1.77,1.79
000001.SH,20150910,1.75,1.79
000001.SH,20150911,1.75,1.79
000001.SH,20150914,1.71,1.79
000001.SH,20150915,1.65,1.79
000001.SH,20150916,1.73,1.79
000001.SH,20150917,1.69,1.79
000001.SH,20150918,1.7,1.79
000001.SH,20150921,1.73,1.79
000001.SH,20150922,1.74,1.79
000001.SH,20150923,1.71,1.79
000001.SH,20150924,1.72,1.79
000001.SH,20150925,1.7,1.79
000001.SH,20150928,1.7,1.79
000001.SH,20150929,1.66,1.79
000001.SH,20150930,1.67,1.79
000001.SH,20151008,1.72,1.78
000001.SH,20151009,1.74,1.78
000001.SH,20151012,1.8,1.78
000001.SH,20151013,1.8,1.78
000001.SH,20151014,1.78,1.78
000001.SH,20151015,1.82,1.78
000001.SH,20151016,1.85,1.78
000001.SH,20151019,1.85,1.78
000001.SH,20151020,1.87,1.78
000001.SH,20151021,1.82,1.78
000001.SH,20151022,1.84,1.78
000001.SH,20151023,1.86,1.78
000001.SH,20151026,1.86,1.78
000001.SH,20151027,1.86,1.78
000001.SH,20151028,1.83,1.78
000001.SH,20151029,1.84,1.78
000001.SH,20151030,1.83,1.77
000001.SH,20151102,1.78,1.77
000001.SH,20151103,1.78,1.77
000001.SH,20151104,1.85,1.77
000001.SH,20151105,1.89,1.77
000001.SH,20151106,1.93,1.77
000001.SH,20151109,1.96,1.77
000001.SH,20151110,1.95,1.77
000001.SH,20151111,1.96,1.77
000001.SH,20151112,1.95,1.77
000001.SH,20151113,1.92,1.77
000001.SH,20151116,1.93,1.77
000001.SH,20151117,1.93,1.77
000001.SH,20151118,1.91,1.77
000001.SH,20151119,1.94,1.77
000001.SH,20151120,1.94,1.76
000001.SH,20151123,1.93,1.76
000001.SH,20151124,1.93,1.76
000001.SH,20151125,1.95,1.76
000001.SH,20151126,1.94,1.76
000001.SH,20151127,1.84,1.76
000001.SH,20151130,1.85,1.76
000001.SH,20151201,1.85,1.76
000001.SH,20151202,1.9,1.76
000001.SH,20151203,1.93,1.76
000001.SH,20151204,1.89,1.76
000001.SH,20151207,1.89,1.76
000001.SH,20151208,1.86,1.76
000001.SH,20151209,1.86,1.76
000001.SH,20151210,1.85,1.76
000001.SH,20151211,1.84,1.76
000001.SH,20151214,1.89,1.76
000001.SH,20151215,1.88,1.76
000001.SH,20151216,1.88,1.76
000001.SH,20151217,1.91,1.76
000001.SH,20151218,1.92,1.76
000001.SH,20151221,1.95,1.75
000001.SH,20151222,1.95,1.75
000001.SH,20151223,1.95,1.75
000001.SH,20151224,1.94,1.75
000001.SH,20151225,1.94,1.75
000001.SH,20151228,1.89,1.75
000001.SH,20151229,1.91,1.75
000001.SH,20151230,1.91,1.75
000001.SH,20151231,1.9,1.75
000001.SH,20160104,1.77,1.75
000001.SH,20160105,1.76,1.75
000001.SH,20160106,1.8,1.75
000001.SH,20160107,1.68,1.75
000001.SH,20160108,1.72,1.75
000001.SH,20160111,1.63,1.75
000001.SH,20160112,1.63,1.75
000001.SH,20160113,1.59,1.75
000001.SH,20160114,1.62,1.75
000001.SH,20160115,1.56,1.75
000001.SH,20160118,1.57,1.74
000001.SH,20160119,1.62,1.74
000001.SH,20160120,1.6,1.74
000001.SH,20160121,1.55,1.74
000001.SH,20160122,1.57,1.74
000001.SH,20160125,1.58,1.74
000001.SH,20160126,1.48,1.74
000001.SH,20160127,1.47,1.74
000001.SH,20160128,1.43,1.74
000001.SH,20160129,1.47,1.74
000001.SH,20160201,1.44,1.74
000001.SH,20160202,1.48,1.74
000001.SH,20160203,1.47,1.74
000001.SH,20160204,1.49,1.74
000001.SH,20160205,1.48,1.73
000001.SH,20160215,1.47,1.73
000001.SH,20160216,1.52,1.73
000001.SH,20160217,1.53,1.73
000001.SH,20160218,1.53,1.73
000001.SH,20160219,1.53,1.73
000001.SH,20160222,1.56,1.73
000001.SH,20160223,1.55,1.73
000001.SH,20160224,1.56,1.73
000001.SH,20160225,1.47,1.73
000001.SH,20160226,1.48,1.73
000001.SH,20160229,1.44,1.73
000001.SH,20160301,1.47,1.73
000001.SH,20160302,1.53,1.73
000001.SH,20160303,1.53,1.72
000001.SH,20160304,1.55,1.72
000001.SH,20160307,1.56,1.72
000001.SH,20160308,1.56,1.72
000001.SH,20160309,1.54,1.72
000001.SH,20160310,1.51,1.72
000001.SH,20160311,1.51,1.72
000001.SH,20160314,1.54,1.72
000001.SH,20160315,1.54,1.72
000001.SH,20160316,1.54,1.72
000001.SH,20160317,1.56,1.72
000001.SH,20160318,1.58,1.72
000001.SH,20160321,1.62,1.71
000001.SH,20160322,1.61,1.71
000001.SH,20160323,1.61,1.71
000001.SH,20160324,1.58,1.71
000001.SH,20160325,1.59,1.71
000001.SH,20160328,1.58,1.71
000001.SH,20160329,1.56,1.71
000001.SH,20160330,1.6,1.71
000001.SH,20160331,1.58,1.71
000001.SH,20160401,1.58,1.71
000001.SH,20160405,1.6,1.71
000001.SH,20160406,1.6,1.71
000001.SH,20160407,1.58,1.71
000001.SH,20160408,1.57,1.71
000001.SH,20160411,1.59,1.7
000001.SH,20160412,1.59,1.7
000001.SH,20160413,1.61,1.7
000001.SH,20160414,1.62,1.7
000001.SH,20160415,1.61,1.7
000001.SH,20160418,1.59,1.7
000001.SH,20160419,1.59,1.7
000001.SH,20160420,1.56,1.7
000001.SH,20160421,1.55,1.7
000001.SH,20160422,1.55,1.7
000001.SH,20160425,1.55,1.7
000001.SH,20160426,1.55,1.7
000001.SH,20160427,1.54,1.7
000001.SH,20160428,1.53,1.69
000001.SH,20160429,1.51,1.69
000001.SH,20160503,1.52,1.69
000001.SH,20160504,1.52,1.69
000001.SH,20160505,1.52,1.69
000001.SH,20160506,1.48,1.69
000001.SH,20160509,1.44,1.69
000001.SH,20160510,1.45,1.69
000001.SH,20160511,1.45,1.69
000001.SH,20160512,1.45,1.69
000001.SH,20160513,1.44,1.69
000001.SH,20160516,1.47,1.69
000001.SH,20160517,1.47,1.69
000001.SH,20160518,1.45,1.69
000001.SH,20160519,1.45,1.68
000001.SH,20160520,1.46,1.68
000001.SH,20160523,1.47,1.68
000001.SH,20160524,1.46,1.68
000001.SH,20160525,1.46,1.68
000001.SH,20160526,1.46,1.68
000001.SH,20160527,1.46,1.68
000001.SH,20160530,1.46,1.68
000001.SH,20160531,1.51,1.68
000001.SH,20160601,1.51,1.68
000001.SH,20160602,1.52,1.68
000001.SH,20160603,1.52,1.68
000001.SH,20160606,1.52,1.68
000001.SH,20160607,1.52,1.68
000001.SH,20160608,1.52,1.68
000001.SH,20160613,1.47,1.68
000001.SH,20160614,1.48,1.67
000001.SH,20160615,1.5,1.67
000001.SH,20160616,1.49,1.67
000001.SH,20160617,1.5,1.67
000001.SH,20160620,1.5,1.67
000001.SH,20160621,1.5,1.67
000001.SH,20160622,1.51,1.67
000001.SH,20160623,1.51,1.67
000001.SH,20160624,1.48,1.67
000001.SH,20160627,1.5,1.67
000001.SH,20160628,1.51,1.67
000001.SH,20160629,1.52,1.67
000001.SH,20160630,1.52,1.67
000001.SH,20160701,1.52,1.67
000001.SH,20160704,1.55,1.67
000001.SH,20160705,1.56,1.67
000001.SH,20160706,1.56,1.67
000001.SH,20160707,1.57,1.66
000001.SH,20160708,1.56,1.66
000001.SH,20160711,1.56,1.66
000001.SH,20160712,1.59,1.66
000001.SH,20160713,1.6,1.66
000001.SH,20160714,1.6,1.66
000001.SH,20160715,1.6,1.66
000001.SH,20160718,1.6,1.66
000001.SH,20160719,1.59,1.66
000001.SH,20160720,1.59,1.66
000001.SH,20160721,1.6,1.66
000001.SH,20160722,1.58,1.66
000001.SH,20160725,1.59,1.66
000001.SH,20160726,1.6,1.66
000001.SH,20160727,1.58,1.66
000001.SH,20160728,1.58,1.66
000001.SH,20160729,1.57,1.66
000001.SH,20160801,1.56,1.65
000001.SH,20160802,1.57,1.65
000001.SH,20160803,1.57,1.65
000001.SH,20160804,1.57,1.65
000001.SH,20160805,1.57,1.65
000001.SH,20160808,1.58,1.65
000001.SH,20160809,1.59,1.65
000001.SH,20160810,1.59,1.65
000001.SH,20160811,1.58,1.65
000001.SH,20160812,1.61,1.65
000001.SH,20160815,1.65,1.65
000001.SH,20160816,1.64,1.65
000001.SH,20160817,1.64,1.65
000001.SH,20160818,1.64,1.65
000001.SH,20160819,1.64,1.65
000001.SH,20160822,1.63,1.65
000001.SH,20160823,1.63,1.65
000001.SH,20160824,1.63,1.65
000001.SH,20160825,1.62,1.65
000001.SH,20160826,1.61,1.65
000001.SH,20160829,1.61,1.65
000001.SH,20160830,1.62,1.65
000001.SH,20160831,1.62,1.65
000001.SH,20160901,1.6,1.64
000001.SH,20160902,1.61,1.64
000001.SH,20160905,1.61,1.64
000001.SH,20160906,1.62,1.64
000001.SH,20160907,1.62,1.64
000001.SH,20160908,1.62,1.64
000001.SH,20160909,1.61,1.64
000001.SH,20160912,1.58,1.64
000001.SH,20160913,1.58,1.64
000001.SH,20160914,1.57,1.64
000001.SH,20160919,1.58,1.64
000001.SH,20160920,1.58,1.64
000001.SH,20160921,1.59,1.64
000001.SH,20160922,1.59,1.64
000001.SH,20160923,1.59,1.64
000001.SH,20160926,1.56,1.64
000001.SH,20160927,1.57,1.64
000001.SH,20160928,1.57,1.64
000001.SH,20160929,1.58,1.64
000001.SH,20160930,1.58,1.64
000001.SH,20161010,1.6,1.64
000001.SH,20161011,1.61,1.64
000001.SH,20161012,1.61,1.64
000001.SH,20161013,1.61,1.64
000001.SH,20161014,1.61,1.64
000001.SH,20161017,1.6,1.64
000001.SH,20161018,1.62,1.64
000001.SH,20161019,1.62,1.64
000001.SH,20161020,1.62,1.64
000001.SH,20161021,1.63,1.64
000001.SH,20161024,1.65,1.64
000001.SH,20161025,1.65,1.64
000001.SH,20161026,1.64,1.63
000001.SH,20161027,1.63,1.63
000001.SH,20161028,1.62,1.63
000001.SH,20161031,1.57,1.63
000001.SH,20161101,1.58,1.63
000001.SH,20161102,1.57,1.63
000001.SH,20161103,1.59,1.63
000001.SH,20161104,1.58,1.63
000001.SH,20161107,1.59,1.63
000001.SH,20161108,1.59,1.63
000001.SH,20161109,1.58,1.63
000001.SH,20161110,1.61,1.63
000001.SH,20161111,1.62,1.63
000001.SH,20161114,1.63,1.63
000001.SH,20161115,1.63,1.63
000001.SH,20161116,1.62,1.63
000001.SH,20161117,1.63,1.63
000001.SH,20161118,1.62,1.63
000001.SH,20161121,1.63,1.63
000001.SH,20161122,1.65,1.63
000001.SH,20161123,1.65,1.63
000001.SH,20161124,1.65,1.63
000001.SH,20161125,1.66,1.63
000001.SH,20161128,1.67,1.63
000001.SH,20161129,1.67,1.63
000001.SH,20161130,1.65,1.63
000001.SH,20161201,1.66,1.63
000001.SH,20161202,1.66,1.63
000001.SH,20161205,1.64,1.63
000001.SH,20161206,1.64,1.63
000001.SH,20161207,1.65,1.63
000001.SH,20161208,1.65,1.63
000001.SH,20161209,1.65,1.63
000001.SH,20161212,1.61,1.63
000001.SH,20161213,1.61,1.63
000001.SH,20161214,1.61,1.63
000001.SH,20161215,1.59,1.63
000001.SH,20161216,1.59,1.63
000001.SH,20161219,1.59,1.63
000001.SH,20161220,1.58,1.63
000001.SH,20161221,1.6,1.63
000001.SH,20161222,1.6,1.63
000001.SH,20161223,1.59,1.63
000001.SH,20161226,1.6,1.63
000001.SH,20161227,1.59,1.63
000001.SH,20161228,1.59,1.63
000001.SH,20161229,1.58,1.63
000001.SH,20161230,1.59,1.62
000001.SH,20170103,1.6,1.62
000001.SH,20170104,1.61,1.62
000001.SH,20170105,1.62,1.62
000001.SH,20170106,1.61,1.62
000001.SH,20170109,1.62,1.62
000001.SH,20170110,1.62,1.62
000001.SH,20170111,1.61,1.62
000001.SH,20170112,1.6,1.62
000001.SH,20170113,1.6,1.62
000001.SH,20170116,1.6,1.62
000001.SH,20170117,1.6,1.62
000001.SH,20170118,1.6,1.62
000001.SH,20170119,1.6,1.62
000001.SH,20170120,1.61,1.62
000001.SH,20170123,1.61,1.62
000001.SH,20170124,1.61,1.62
000001.SH,20170125,1.62,1.62
000001.SH,20170126,1.62,1.62
000001.SH,20170203,1.61,1.62
000001.SH,20170206,1.62,1.62
000001.SH,20170207,1.62,1.62
000001.SH,20170208,1.63,1.62
000001.SH,20170209,1.64,1.62
000001.SH,20170210,1.64,1.62
000001.SH,20170213,1.65,1.62
000001.SH,20170214,1.66,1.62
000001.SH,20170215,1.66,1.62
000001.SH,20170216,1.66,1.62
000001.SH,20170217,1.65,1.62
000001.SH,20170220,1.67,1.62
000001.SH,20170221,1.68,1.62
000001.SH,20170222,1.68,1.62
000001.SH,20170223,1.68,1.62
000001.SH,20170224,1.68,1.62
000001.SH,20170227,1.67,1.62
000001.SH,20170228,1.68,1.62
000001.SH,20170301,1.68,1.62
000001.SH,20170302,1.67,1.62
000001.SH,20170303,1.67,1.62
000001.SH,20170306,1.67,1.62
000001.SH,20170307,1.68,1.62
000001.SH,20170308,1.68,1.62
000001.SH,20170309,1.67,1.62
000001.SH,20170310,1.66,1.62
000001.SH,20170313,1.68,1.62
000001.SH,20170314,1.68,1.62
000001.SH,20170315,1.68,1.62
000001.SH,20170316,1.69,1.62
000001.SH,20170317,1.68,1.62
000001.SH,20170320,1.68,1.62
000001.SH,20170321,1.69,1.62
000001.SH,20170322,1.68,1.62
000001.SH,20170323,1.68,1.62
000001.SH,20170324,1.69,1.62
000001.SH,20170327,1.69,1.62
000001.SH,20170328,1.68,1.62
000001.SH,20170329,1.68,1.62
000001.SH,20170330,1.66,1.62
000001.SH,20170331,1.66,1.62
000001.SH,20170405,1.68,1.62
000001.SH,20170406,1.69,1.62
000001.SH,20170407,1.69,1.62
000001.SH,20170410,1.68,1.62
000001.SH,20170411,1.69,1.62
000001.SH,20170412,1.68,1.62
000001.SH,20170413,1.68,1.62
000001.SH,20170414,1.67,1.62
000001.SH,20170417,1.66,1.62
000001.SH,20170418,1.65,1.62
000001.SH,20170419,1.63,1.62
000001.SH,20170420,1.63,1.62
000001.SH,20170421,1.64,1.62
000001.SH,20170424,1.61,1.61
000001.SH,20170425,1.62,1.61
000001.SH,20170426,1.62,1.61
000001.SH,20170427,1.62,1.61
000001.SH,20170428,1.6,1.61
000001.SH,20170502,1.58,1.61
000001.SH,20170503,1.57,1.61
000001.SH,20170504,1.57,1.61
000001.SH,20170505,1.56,1.61
000001.SH,20170508,1.55,1.61
000001.SH,20170509,1.55,1.61
000001.SH,20170510,1.54,1.61
000001.SH,20170511,1.54,1.61
000001.SH,20170512,1.56,1.61
000001.SH,20170515,1.56,1.61
000001.SH,20170516,1.57,1.61
000001.SH,20170517,1.56,1.61
000001.SH,20170518,1.56,1.61
000001.SH,20170519,1.56,1.61
000001.SH,20170522,1.55,1.61
000001.SH,20170523,1.55,1.61
000001.SH,20170524,1.55,1.61
000001.SH,20170525,1.58,1.61
000001.SH,20170526,1.58,1.61
000001.SH,20170531,1.58,1.61
000001.SH,20170601,1.58,1.61
000001.SH,20170602,1.58,1.61
000001.SH,20170605,1.57,1.61
000001.SH,20170606,1.58,1.61
000001.SH,20170607,1.59,1.61
000001.SH,20170608,1.6,1.61
000001.SH,20170609,1.6,1.61
000001.SH,20170612,1.6,1.61
000001.SH,20170613,1.6,1.61
000001.SH,20170614,1.59,1.61
000001.SH,20170615,1.59,1.61
000001.SH,20170616,1.59,1.61
000001.SH,20170619,1.6,1.61
000001.SH,20170620,1.6,1.61
000001.SH,20170621,1.61,1.61
000001.SH,20170622,1.61,1.61
000001.SH,20170623,1.61,1.61
000001.SH,20170626,1.63,1.61
000001.SH,20170627,1.63,1.61
000001.SH,20170628,1.62,1.61
000001.SH,20170629,1.63,1.61
000001.SH,20170630,1.64,1.61
000001.SH,20170703,1.64,1.61
000001.SH,20170704,1.63,1.61
000001.SH,20170705,1.64,1.61
000001.SH,20170706,1.65,1.61
000001.SH,20170707,1.65,1.61
000001.SH,20170710,1.66,1.61
000001.SH,20170711,1.66,1.61
000001.SH,20170712,1.66,1.61
000001.SH,20170713,1.67,1.61
000001.SH,20170714,1.68,1.61
000001.SH,20170717,1.67,1.61
000001.SH,20170718,1.67,1.61
000001.SH,20170719,1.69,1.61
000001.SH,20170720,1.7,1.61
000001.SH,20170721,1.7,1.61
000001.SH,20170724,1.7,1.61
000001.SH,20170725,1.7,1.61
000001.SH,20170726,1.71,1.61
000001.SH,20170727,1.71,1.61
000001.SH,20170728,1.71,1.61
000001.SH,20170731,1.72,1.61
000001.SH,20170801,1.73,1.61
000001.SH,20170802,1.73,1.61
000001.SH,20170803,1.72,1.61
000001.SH,20170804,1.72,1.61
000001.SH,20170807,1.72,1.61
000001.SH,20170808,1.73,1.61
000001.SH,20170809,1.72,1.61
000001.SH,20170810,1.71,1.61
000001.SH,20170811,1.69,1.61
000001.SH,20170814,1.7,1.61
000001.SH,20170815,1.71,1.61
000001.SH,20170816,1.71,1.61
000001.SH,20170817,1.72,1.61
000001.SH,20170818,1.72,1.61
000001.SH,20170821,1.72,1.61
000001.SH,20170822,1.73,1.61
000001.SH,20170823,1.73,1.61
000001.SH,20170824,1.72,1.61
000001.SH,20170825,1.75,1.61
000001.SH,20170828,1.76,1.61
000001.SH,20170829,1.76,1.61
000001.SH,20170830,1.75,1.61
000001.SH,20170831,1.73,1.61
000001.SH,20170901,1.73,1.61
000001.SH,20170904,1.74,1.61
000001.SH,20170905,1.74,1.61
000001.SH,20170906,1.74,1.61
000001.SH,20170907,1.73,1.61
000001.SH,20170908,1.73,1.61
000001.SH,20170911,1.74,1.61
000001.SH,20170912,1.74,1.61
000001.SH,20170913,1.74,1.61
000001.SH,20170914,1.73,1.61
000001.SH,20170915,1.72,1.61
000001.SH,20170918,1.73,1.61
000001.SH,20170919,1.72,1.61
000001.SH,20170920,1.73,1.61
000001.SH,20170921,1.73,1.61
000001.SH,20170922,1.73,1.61
000001.SH,20170925,1.72,1.62
000001.SH,20170926,1.73,1.62
000001.SH,20170927,1.72,1.62
000001.SH,20170928,1.72,1.62
000001.SH,20170929,1.73,1.62
000001.SH,20171009,1.74,1.62
000001.SH,20171010,1.74,1.62
000001.SH,20171011,1.75,1.62
000001.SH,20171012,1.75,1.62
000001.SH,20171013,1.75,1.62
000001.SH,20171016,1.74,1.62
000001.SH,20171017,1.74,1.62
000001.SH,20171018,1.75,1.62
000001.SH,20171019,1.74,1.62
000001.SH,20171020,1.75,1.62
000001.SH,20171023,1.75,1.62
000001.SH,20171024,1.75,1.62
000001.SH,20171025,1.75,1.62
000001.SH,20171026,1.75,1.62
000001.SH,20171027,1.75,1.62
000001.SH,20171030,1.72,1.62
000001.SH,20171031,1.7,1.62
000001.SH,20171101,1.7,1.62
000001.SH,20171102,1.7,1.62
000001.SH,20171103,1.69,1.62
000001.SH,20171106,1.7,1.62
000001.SH,20171107,1.71,1.62
000001.SH,20171108,1.71,1.62
000001.SH,20171109,1.71,1.62
000001.SH,20171110,1.72,1.62
000001.SH,20171113,1.72,1.62
000001.SH,20171114,1.72,1.62
000001.SH,20171115,1.7,1.62
000001.SH,20171116,1.7,1.62
000001.SH,20171117,1.7,1.62
000001.SH,20171120,1.71,1.62
000001.SH,20171121,1.72,1.62
000001.SH,20171122,1.73,1.62
000001.SH,20171123,1.69,1.62
000001.SH,20171124,1.69,1.62
000001.SH,20171127,1.68,1.62
000001.SH,20171128,1.68,1.62
000001.SH,20171129,1.68,1.62
000001.SH,20171130,1.67,1.62
000001.SH,20171201,1.67,1.62
000001.SH,20171204,1.67,1.62
000001.SH,20171205,1.67,1.62
000001.SH,20171206,1.66,1.62
000001.SH,20171207,1.65,1.62
000001.SH,20171208,1.66,1.62
000001.SH,20171211,1.68,1.62
000001.SH,20171212,1.65,1.62
000001.SH,20171213,1.67,1.63
000001.SH,20171214,1.66,1.63
000001.SH,20171215,1.65,1.63
000001.SH,20171218,1.65,1.63
000001.SH,20171219,1.67,1.63
000001.SH,20171220,1.66,1.63
000001.SH,20171221,1.67,1.63
000001.SH,20171222,1.67,1.63
000001.SH,20171225,1.66,1.63
000001.SH,20171226,1.68,1.63
000001.SH,20171227,1.66,1.63
000001.SH,20171228,1.67,1.63
000001.SH,20171229,1.68,1.63
000001.SH,20180102,1.7,1.63
000001.SH,20180103,1.71,1.63
000001.SH,20180104,1.72,1.63
000001.SH,20180105,1.72,1.63
000001.SH,20180108,1.73,1.63
000001.SH,20180109,1.73,1.63
000001.SH,20180110,1.73,1.63
000001.SH,20180111,1.73,1.63
000001.SH,20180112,1.74,1.63
000001.SH,20180115,1.73,1.63
000001.SH,20180116,1.75,1.63
000001.SH,20180117,1.75,1.63
000001.SH,20180118,1.77,1.63
000001.SH,20180119,1.78,1.63
000001.SH,20180122,1.78,1.63
000001.SH,20180123,1.81,1.63
000001.SH,20180124,1.82,1.63
000001.SH,20180125,1.81,1.63
000001.SH,20180126,1.81,1.63
000001.SH,20180129,1.8,1.63
000001.SH,20180130,1.78,1.63
000001.SH,20180131,1.78,1.63
000001.SH,20180201,1.77,1.63
000001.SH,20180202,1.78,1.63
000001.SH,20180205,1.79,1.63
000001.SH,20180206,1.73,1.63
000001.SH,20180207,1.7,1.63
000001.SH,20180208,1.67,1.63
000001.SH,20180209,1.6,1.63
000001.SH,20180212,1.61,1.63
000001.SH,20180213,1.63,1.63
000001.SH,20180214,1.63,1.63
000001.SH,20180222,1.67,1.63
000001.SH,20180223,1.68,1.63
000001.SH,20180226,1.7,1.63
000001.SH,20180227,1.68,1.63
000001.SH,20180228,1.67,1.63
000001.SH,20180301,1.68,1.63
000001.SH,20180302,1.67,1.63
000001.SH,20180305,1.67,1.63
000001.SH,20180306,1.68,1.63
000001.SH,20180307,1.68,1.63
000001.SH,20180308,1.68,1.63
000001.SH,20180309,1.69,1.63
000001.SH,20180312,1.7,1.63
000001.SH,20180313,1.69,1.63
000001.SH,20180314,1.67,1.63
000001.SH,20180315,1.68,1.63
000001.SH,20180316,1.66,1.63
000001.SH,20180319,1.67,1.63
000001.SH,20180320,1.68,1.63
000001.SH,20180321,1.67,1.63
000001.SH,20180322,1.66,1.63
000001.SH,20180323,1.61,1.63
000001.SH,20180326,1.59,1.63
000001.SH,20180327,1.61,1.63
000001.SH,20180328,1.58,1.63
000001.SH,20180329,1.6,1.63
000001.SH,20180330,1.6,1.63
000001.SH,20180402,1.59,1.63
000001.SH,20180403,1.58,1.63
000001.SH,20180404,1.58,1.63
000001.SH,20180409,1.58,1.63
000001.SH,20180410,1.61,1.63
000001.SH,20180411,1.62,1.63
000001.SH,20180412,1.61,1.63
000001.SH,20180413,1.59,1.63
000001.SH,20180416,1.57,1.63
000001.SH,20180417,1.54,1.63
000001.SH,20180418,1.56,1.63
000001.SH,20180419,1.57,1.63
000001.SH,20180420,1.55,1.63
000001.SH,20180423,1.55,1.63
000001.SH,20180424,1.58,1.63
000001.SH,20180425,1.57,1.63
000001.SH,20180426,1.54,1.63
000001.SH,20180427,1.54,1.63
000001.SH,20180502,1.52,1.63
000001.SH,20180503,1.53,1.63
000001.SH,20180504,1.52,1.63
000001.SH,20180507,1.54,1.63
000001.SH,20180508,1.56,1.63
000001.SH,20180509,1.56,1.63
000001.SH,20180510,1.57,1.63
000001.SH,20180511,1.56,1.63
000001.SH,20180514,1.57,1.63
000001.SH,20180515,1.58,1.63
000001.SH,20180516,1.56,1.63
000001.SH,20180517,1.56,1.63
000001.SH,20180518,1.58,1.63
000001.SH,20180521,1.59,1.63
000001.SH,20180522,1.59,1.63
000001.SH,20180523,1.56,1.63
000001.SH,20180524,1.56,1.63
000001.SH,20180525,1.55,1.63
000001.SH,20180528,1.55,1.63
000001.SH,20180529,1.54,1.63
000001.SH,20180530,1.51,1.63
000001.SH,20180531,1.53,1.63
000001.SH,20180601,1.52,1.63
000001.SH,20180604,1.53,1.63
000001.SH,20180605,1.54,1.63
000001.SH,20180606,1.54,1.63
000001.SH,20180607,1.54,1.63
000001.SH,20180608,1.52,1.63
000001.SH,20180611,1.52,1.63
000001.SH,20180612,1.53,1.63
000001.SH,20180613,1.52,1.63
000001.SH,20180614,1.52,1.63
000001.SH,20180615,1.51,1.63
000001.SH,20180619,1.46,1.63
000001.SH,20180620,1.46,1.63
000001.SH,20180621,1.45,1.63
000001.SH,20180622,1.45,1.63
000001.SH,20180625,1.45,1.63
000001.SH,20180626,1.44,1.63
000001.SH,20180627,1.42,1.63
000001.SH,20180628,1.41,1.63
000001.SH,20180629,1.44,1.63
000001.SH,20180702,1.4,1.63
000001.SH,20180703,1.41,1.63
000001.SH,20180704,1.39,1.63
000001.SH,20180705,1.39,1.63
000001.SH,20180706,1.39,1.63
000001.SH,20180709,1.43,1.63
000001.SH,20180710,1.44,1.63
000001.SH,20180711,1.41,1.63
000001.SH,20180712,1.45,1.63
000001.SH,20180713,1.45,1.63
000001.SH,20180716,1.44,1.63
000001.SH,20180717,1.44,1.63
000001.SH,20180718,1.43,1.63
000001.SH,20180719,1.42,1.63
000001.SH,20180720,1.46,1.63
000001.SH,20180723,1.48,1.63
000001.SH,20180724,1.5,1.63
000001.SH,20180725,1.5,1.63
000001.SH,20180726,1.49,1.63
000001.SH,20180727,1.48,1.63
000001.SH,20180730,1.48,1.63
000001.SH,20180731,1.49,1.63
000001.SH,20180801,1.46,1.63
000001.SH,20180802,1.43,1.63
000001.SH,20180803,1.42,1.63
000001.SH,20180806,1.4,1.63
000001.SH,20180807,1.44,1.63
000001.SH,20180808,1.42,1.63
000001.SH,20180809,1.45,1.63
000001.SH,20180810,1.45,1.63
000001.SH,20180813,1.44,1.63
000001.SH,20180814,1.44,1.63
000001.SH,20180815,1.41,1.63
000001.SH,20180816,1.4,1.63
000001.SH,20180817,1.38,1.63
000001.SH,20180820,1.4,1.63
000001.SH,20180821,1.41,1.63
000001.SH,20180822,1.4,1.63
000001.SH,20180823,1.41,1.63
000001.SH,20180824,1.41,1.63
000001.SH,20180827,1.43,1.63
000001.SH,20180828,1.43,1.63
000001.SH,20180829,1.41,1.63
000001.SH,20180830,1.39,1.64
000001.SH,20180831,1.38,1.64
000001.SH,20180903,1.38,1.64
000001.SH,20180904,1.4,1.64
000001.SH,20180905,1.37,1.64
000001.SH,20180906,1.37,1.63
000001.SH,20180907,1.37,1.63
000001.SH,20180910,1.36,1.63
000001.SH,20180911,1.35,1.63
000001.SH,20180912,1.35,1.63
000001.SH,20180913,1.37,1.63
000001.SH,20180914,1.36,1.63
000001.SH,20180917,1.35,1.63
000001.SH,20180918,1.37,1.63
000001.SH,20180919,1.39,1.63
000001.SH,20180920,1.39,1.63
000001.SH,20180921,1.43,1.63
000001.SH,20180925,1.42,1.63
000001.SH,20180926,1.43,1.63
000001.SH,20180927,1.42,1.63
000001.SH,20180928,1.44,1.63
000001.SH,20181008,1.39,1.63
000001.SH,20181009,1.41,1.63
000001.SH,20181010,1.39,1.63
000001.SH,20181011,1.32,1.63
000001.SH,20181012,1.34,1.63
000001.SH,20181015,1.32,1.63
000001.SH,20181016,1.31,1.63
000001.SH,20181017,1.31,1.63
000001.SH,20181018,1.28,1.63
000001.SH,20181019,1.31,1.63
000001.SH,20181022,1.36,1.63
000001.SH,20181023,1.33,1.63
000001.SH,20181024,1.33,1.63
000001.SH,20181025,1.33,1.63
000001.SH,20181026,1.32,1.63
000001.SH,20181029,1.29,1.63
000001.SH,20181030,1.29,1.63
000001.SH,20181031,1.29,1.63
000001.SH,20181101,1.29,1.63
000001.SH,20181102,1.32,1.63
000001.SH,20181105,1.31,1.63
000001.SH,20181106,1.31,1.63
000001.SH,20181107,1.3,1.63
000001.SH,20181108,1.3,1.63
000001.SH,20181109,1.28,1.63
000001.SH,20181112,1.29,1.63
000001.SH,20181113,1.3,1.63
000001.SH,20181114,1.29,1.63
000001.SH,20181115,1.31,1.63
000001.SH,20181116,1.31,1.63
000001.SH,20181119,1.33,1.63
000001.SH,20181120,1.3,1.63
000001.SH,20181121,1.3,1.63
000001.SH,20181122,1.3,1.63
000001.SH,20181123,1.27,1.63
000001.SH,20181126,1.27,1.63
000001.SH,20181127,1.27,1.63
000001.SH,20181128,1.28,1.63
000001.SH,20181129,1.26,1.63
000001.SH,20181130,1.28,1.63
000001.SH,20181203,1.31,1.63
000001.SH,20181204,1.31,1.63
000001.SH,20181205,1.31,1.63
000001.SH,20181206,1.28,1.63
000001.SH,20181207,1.28,1.63
000001.SH,20181210,1.29,1.63
000001.SH,20181211,1.29,1.63
000001.SH,20181212,1.29,1.63
000001.SH,20181213,1.31,1.63
000001.SH,20181214,1.29,1.63
000001.SH,20181217,1.29,1.63
000001.SH,20181218,1.28,1.63
000001.SH,20181219,1.27,1.63
000001.SH,20181220,1.26,1.63
000001.SH,20181221,1.25,1.63
000001.SH,20181224,1.26,1.63
000001.SH,20181225,1.24,1.63
000001.SH,20181226,1.24,1.63
000001.SH,20181227,1.23,1.63
000001.SH,20181228,1.24,1.63
000001.SH,20190102,1.22,1.63
000001.SH,20190103,1.22,1.63
000001.SH,20190104,1.25,1.63
000001.SH,20190107,1.26,1.63
000001.SH,20190108,1.25,1.63
000001.SH,20190109,1.26,1.63
000001.SH,20190110,1.26,1.63
000001.SH,20190111,1.27,1.63
000001.SH,20190114,1.26,1.63
000001.SH,20190115,1.27,1.63
000001.SH,20190116,1.27,1.63
000001.SH,20190117,1.27,1.63
000001.SH,20190118,1.29,1.63
000001.SH,20190121,1.29,1.63
000001.SH,20190122,1.28,1.63
000001.SH,20190123,1.28,1.63
000001.SH,20190124,1.28,1.63
000001.SH,20190125,1.29,1.63
000001.SH,20190128,1.29,1.63
000001.SH,20190129,1.29,1.63
000001.SH,20190130,1.28,1.63
000001.SH,20190131,1.29,1.63
000001.SH,20190201,1.3,1.63
000001.SH,20190211,1.32,1.63
000001.SH,20190212,1.32,1.63
000001.SH,20190213,1.35,1.63
000001.SH,20190214,1.34,1.63
000001.SH,20190215,1.32,1.63
000001.SH,20190218,1.36,1.63
000001.SH,20190219,1.36,1.63
000001.SH,20190220,1.36,1.63
000001.SH,20190221,1.36,1.63
000001.SH,20190222,1.38,1.63
000001.SH,20190225,1.46,1.63
000001.SH,20190226,1.45,1.63
000001.SH,20190227,1.46,1.63
000001.SH,20190228,1.45,1.63
000001.SH,20190301,1.48,1.63
000001.SH,20190304,1.49,1.63
000001.SH,20190305,1.5,1.63
000001.SH,20190306,1.53,1.63
000001.SH,20190307,1.52,1.63
000001.SH,20190308,1.46,1.63
000001.SH,20190311,1.48,1.63
000001.SH,20190312,1.5,1.63
000001.SH,20190313,1.48,1.63
000001.SH,20190314,1.47,1.63
000001.SH,20190315,1.48,1.63
000001.SH,20190318,1.52,1.63
000001.SH,20190319,1.51,1.63
000001.SH,20190320,1.51,1.63
000001.SH,20190321,1.52,1.63
000001.SH,20190322,1.52,1.63
000001.SH,20190325,1.49,1.63
000001.SH,20190326,1.47,1.63
000001.SH,20190327,1.48,1.63
000001.SH,20190328,1.46,1.63
000001.SH,20190329,1.5,1.63
000001.SH,20190401,1.54,1.63
000001.SH,20190402,1.54,1.63
000001.SH,20190403,1.56,1.63
000001.SH,20190404,1.57,1.63
000001.SH,20190408,1.57,1.63
000001.SH,20190409,1.57,1.63
000001.SH,20190410,1.57,1.63
000001.SH,20190411,1.55,1.64
000001.SH,20190412,1.54,1.64
000001.SH,20190415,1.54,1.64
000001.SH,20190416,1.58,1.64
000001.SH,20190417,1.59,1.64
000001.SH,20190418,1.58,1.64
000001.SH,20190419,1.59,1.64
000001.SH,20190422,1.56,1.64
000001.SH,20190423,1.55,1.64
000001.SH,20190424,1.55,1.64
000001.SH,20190425,1.51,1.64
000001.SH,20190426,1.49,1.64
000001.SH,20190429,1.48,1.64
000001.SH,20190430,1.46,1.64
000001.SH,20190506,1.38,1.64
000001.SH,20190507,1.39,1.64
000001.SH,20190508,1.37,1.64
000001.SH,20190509,1.35,1.64
000001.SH,20190510,1.39,1.64
000001.SH,20190513,1.37,1.64
000001.SH,20190514,1.36,1.64
000001.SH,20190515,1.39,1.64
000001.SH,20190516,1.4,1.64
000001.SH,20190517,1.36,1.64
000001.SH,20190520,1.36,1.64
000001.SH,20190521,1.38,1.64
000001.SH,20190522,1.37,1.64
000001.SH,20190523,1.35,1.64
000001.SH,20190524,1.35,1.64
000001.SH,20190527,1.37,1.64
000001.SH,20190528,1.38,1.64
000001.SH,20190529,1.38,1.64
000001.SH,20190530,1.38,1.64
000001.SH,20190531,1.38,1.64
000001.SH,20190603,1.38,1.64
000001.SH,20190604,1.36,1.64
000001.SH,20190605,1.37,1.64
000001.SH,20190606,1.35,1.64
000001.SH,20190610,1.36,1.64
000001.SH,20190611,1.4,1.64
000001.SH,20190612,1.39,1.64
000001.SH,20190613,1.39,1.64
000001.SH,20190614,1.38,1.64
000001.SH,20190617,1.38,1.64
000001.SH,20190618,1.38,1.64
000001.SH,20190619,1.4,1.64
000001.SH,20190620,1.44,1.64
000001.SH,20190621,1.44,1.64
000001.SH,20190624,1.45,1.64
000001.SH,20190625,1.43,1.64
000001.SH,20190626,1.43,1.64
000001.SH,20190627,1.44,1.64
000001.SH,20190628,1.44,1.64
000001.SH,20190701,1.47,1.64
000001.SH,20190702,1.47,1.64
000001.SH,20190703,1.46,1.64
000001.SH,20190704,1.45,1.64
000001.SH,20190705,1.46,1.64
000001.SH,20190708,1.42,1.64
000001.SH,20190709,1.42,1.64
000001.SH,20190710,1.41,1.64
000001.SH,20190711,1.42,1.64
000001.SH,20190712,1.43,1.64
000001.SH,20190715,1.43,1.64
000001.SH,20190716,1.43,1.64
000001.SH,20190717,1.43,1.64
000001.SH,20190718,1.41,1.64
000001.SH,20190719,1.43,1.64
000001.SH,20190722,1.41,1.64
000001.SH,20190723,1.41,1.64
000001.SH,20190724,1.43,1.64
000001.SH,20190725,1.43,1.65
000001.SH,20190726,1.43,1.65
000001.SH,20190729,1.43,1.65
000001.SH,20190730,1.44,1.65
000001.SH,20190731,1.43,1.65
000001.SH,20190801,1.42,1.65
000001.SH,20190802,1.4,1.65
000001.SH,20190805,1.37,1.65
000001.SH,20190806,1.35,1.65
000001.SH,20190807,1.35,1.65
000001.SH,20190808,1.36,1.65
000001.SH,20190809,1.35,1.65
000001.SH,20190812,1.37,1.65
000001.SH,20190813,1.36,1.65
000001.SH,20190814,1.37,1.65
000001.SH,20190815,1.37,1.65
000001.SH,20190816,1.37,1.65
000001.SH,20190819,1.4,1.65
000001.SH,20190820,1.4,1.65
000001.SH,20190821,1.4,1.65
000001.SH,20190822,1.4,1.65
000001.SH,20190823,1.4,1.65
000001.SH,20190826,1.38,1.65
000001.SH,20190827,1.4,1.65
000001.SH,20190828,1.4,1.65
000001.SH,20190829,1.39,1.65
000001.SH,20190830,1.39,1.65
000001.SH,20190902,1.41,1.65
000001.SH,20190903,1.41,1.65
000001.SH,20190904,1.42,1.65
000001.SH,20190905,1.44,1.65
000001.SH,20190906,1.44,1.65
000001.SH,20190909,1.45,1.65
000001.SH,20190910,1.45,1.65
000001.SH,20190911,1.45,1.65
000001.SH,20190912,1.46,1.65
000001.SH,20190916,1.46,1.65
000001.SH,20190917,1.43,1.65
000001.SH,20190918,1.44,1.65
000001.SH,20190919,1.44,1.65
000001.SH,20190920,1.45,1.65
000001.SH,20190923,1.43,1.65
000001.SH,20190924,1.44,1.65
000001.SH,20190925,1.42,1.65
000001.SH,20190926,1.41,1.65
000001.SH,20190927,1.41,1.65
000001.SH,20190930,1.4,1.65
000001.SH,20191008,1.41,1.65
000001.SH,20191009,1.41,1.65
000001.SH,20191010,1.42,1.65
000001.SH,20191011,1.43,1.65
000001.SH,20191014,1.45,1.65
000001.SH,20191015,1.44,1.65
000001.SH,20191016,1.44,1.65
000001.SH,20191017,1.44,1.65
